-- phpMyAdmin SQL Dump
-- version 4.9.2
-- https://www.phpmyadmin.net/
--
-- Host: 127.0.0.1:3306
-- Generation Time: Jul 22, 2022 at 02:34 AM
-- Server version: 8.0.18
-- PHP Version: 7.3.12

SET SQL_MODE = "NO_AUTO_VALUE_ON_ZERO";
SET AUTOCOMMIT = 0;
START TRANSACTION;
SET time_zone = "+00:00";


/*!40101 SET @OLD_CHARACTER_SET_CLIENT=@@CHARACTER_SET_CLIENT */;
/*!40101 SET @OLD_CHARACTER_SET_RESULTS=@@CHARACTER_SET_RESULTS */;
/*!40101 SET @OLD_COLLATION_CONNECTION=@@COLLATION_CONNECTION */;
/*!40101 SET NAMES utf8mb4 */;

--
-- Database: `test114`
--

-- --------------------------------------------------------

--
-- Table structure for table `company_info`
--

DROP TABLE IF EXISTS `company_info`;
CREATE TABLE IF NOT EXISTS `company_info` (
  `id` int(11) NOT NULL AUTO_INCREMENT,
  `company_name` varchar(255) CHARACTER SET utf8 COLLATE utf8_unicode_ci NOT NULL,
  `company_address` varchar(255) CHARACTER SET utf8 COLLATE utf8_unicode_ci NOT NULL,
  `company_phone` varchar(255) CHARACTER SET utf8 COLLATE utf8_unicode_ci NOT NULL,
  `company_email` varchar(255) CHARACTER SET utf8 COLLATE utf8_unicode_ci NOT NULL,
  `company_tax_code` varchar(255) CHARACTER SET utf8 COLLATE utf8_unicode_ci NOT NULL,
  `created_at` datetime NOT NULL DEFAULT CURRENT_TIMESTAMP,
  PRIMARY KEY (`id`)
) ENGINE=InnoDB AUTO_INCREMENT=2 DEFAULT CHARSET=utf8 COLLATE=utf8_unicode_ci COMMENT='thong tin cong ty trang web';

--
-- Dumping data for table `company_info`
--

INSERT INTO `company_info` (`id`, `company_name`, `company_address`, `company_phone`, `company_email`, `company_tax_code`, `created_at`) VALUES
(1, 'Công ty website thương mại điện tử TNC', '38 đường 101 phường Thạnh Mỹ Lợi, TP. Thủ đức, TP.HCM', '0707327856', 'huykhoitnc@gmail.com', '093504593432', '2022-05-28 10:08:53');

-- --------------------------------------------------------

--
-- Table structure for table `delivery_status`
--

DROP TABLE IF EXISTS `delivery_status`;
CREATE TABLE IF NOT EXISTS `delivery_status` (
  `id` int(11) NOT NULL AUTO_INCREMENT,
  `delivery_status_name` varchar(255) CHARACTER SET utf8 COLLATE utf8_unicode_ci DEFAULT NULL,
  `created_at` datetime NOT NULL DEFAULT CURRENT_TIMESTAMP,
  PRIMARY KEY (`id`)
) ENGINE=InnoDB AUTO_INCREMENT=12 DEFAULT CHARSET=utf8 COLLATE=utf8_unicode_ci COMMENT='Bảng lưu các trạng thái giao hàng';

--
-- Dumping data for table `delivery_status`
--

INSERT INTO `delivery_status` (`id`, `delivery_status_name`, `created_at`) VALUES
(1, 'Chờ xác nhận', '2022-05-16 19:08:45'),
(2, 'Đã xác nhận - Chưa giao', '2022-05-16 19:08:45'),
(3, 'Đang giao hàng', '2022-05-16 19:09:15'),
(5, 'Giao hàng không thành công lần 1', '2022-05-16 19:09:38'),
(6, 'Giao hàng không thành công lần 2', '2022-05-16 19:09:38'),
(7, 'Giao hàng thành công', '2022-05-16 19:10:41'),
(8, 'Huỷ đơn hàng', '2022-05-16 19:10:41'),
(11, 'Đã trả hàng', '2022-07-18 16:32:09');

-- --------------------------------------------------------

--
-- Table structure for table `menus`
--

DROP TABLE IF EXISTS `menus`;
CREATE TABLE IF NOT EXISTS `menus` (
  `id` int(11) NOT NULL AUTO_INCREMENT COMMENT 'Khoá chính để phân biệt các dòng dữ liệu',
  `name` varchar(255) CHARACTER SET utf8 COLLATE utf8_unicode_ci DEFAULT NULL COMMENT 'Tên chức năng quản lý',
  `link` varchar(255) CHARACTER SET utf8 COLLATE utf8_unicode_ci DEFAULT NULL COMMENT 'Đường dẫn đến chức năng quản lý trên web',
  PRIMARY KEY (`id`)
) ENGINE=InnoDB AUTO_INCREMENT=12 DEFAULT CHARSET=utf8 COLLATE=utf8_unicode_ci;

--
-- Dumping data for table `menus`
--

INSERT INTO `menus` (`id`, `name`, `link`) VALUES
(1, 'Quản lý sản phẩm', 'product_manage.php'),
(2, 'Quản lý loại sản phẩm', 'category_manage.php'),
(5, 'Quản lý đơn hàng', 'order_manage.php'),
(7, 'Quản lý bảng tin', 'notification_manage.php'),
(8, 'Quản lý khách hàng', 'customer_manage.php'),
(11, 'Quản lý bình luận', 'product_comment_manage.php');

-- --------------------------------------------------------

--
-- Table structure for table `notification`
--

DROP TABLE IF EXISTS `notification`;
CREATE TABLE IF NOT EXISTS `notification` (
  `id` int(11) NOT NULL AUTO_INCREMENT COMMENT 'Khoá chính tăng tự động để phân biệt các dòng',
  `title` varchar(255) CHARACTER SET utf8 COLLATE utf8_unicode_ci NOT NULL COMMENT 'Tiêu đề bảng tin',
  `content` text CHARACTER SET utf8 COLLATE utf8_unicode_ci NOT NULL COMMENT 'Nội dung bảng tin',
  `img_name` varchar(255) CHARACTER SET utf8 COLLATE utf8_unicode_ci NOT NULL COMMENT 'Đường dẫn ảnh đại diện bảng tin',
  `is_delete` int(11) NOT NULL DEFAULT '0' COMMENT '1: Đã xoá,0: Chưa xoá',
  `views` int(11) NOT NULL DEFAULT '0' COMMENT 'Số lượt xem',
  `created_at` datetime NOT NULL DEFAULT CURRENT_TIMESTAMP COMMENT 'Thời điểm dòng dữ liệu insert vào bảng này',
  PRIMARY KEY (`id`)
) ENGINE=InnoDB AUTO_INCREMENT=23 DEFAULT CHARSET=utf8 COLLATE=utf8_unicode_ci;

--
-- Dumping data for table `notification`
--

INSERT INTO `notification` (`id`, `title`, `content`, `img_name`, `is_delete`, `views`, `created_at`) VALUES
(1, 'Nvidia bị phạt 5,5 triệu USD', '<p dir=\"ltr\" style=\"margin: 12pt 0px; padding: 0px; border: 0px; font-variant-numeric: inherit; font-variant-east-asian: inherit; font-stretch: inherit; line-height: 1.38; font-family: &quot;Chakra Petch&quot;; vertical-align: baseline; color: rgb(0, 0, 0);\"><font face=\"Chakra Petch\"><i style=\"margin: 0px; padding: 0px; border: 0px; font-variant: inherit; font-weight: inherit; font-stretch: inherit; font-size: inherit; line-height: inherit; font-family: inherit; vertical-align: baseline;\"><span style=\"margin: 0px; padding: 0px; border: 0px; font-style: inherit; font-variant: inherit; font-weight: inherit; font-stretch: inherit; font-size: 18px; line-height: inherit; font-family: inherit; vertical-align: baseline; background-color: transparent; white-space: pre-wrap;\">Nvidia vừa bị phạt một khoản tiền lên tới 5,5 triệu USD do những cáo buộc liên quan đến GPU đào coin. Cụ thể hơn, đội Xanh đã che giấu số lượng card đồ họa bị bán làm trâu cày và điều này trái với luật pháp của nước Mỹ.</span></i></font></p><p dir=\"ltr\" style=\"margin: 12pt 0px; padding: 0px; border: 0px; font-variant-numeric: inherit; font-variant-east-asian: inherit; font-stretch: inherit; line-height: 1.38; font-family: &quot;Chakra Petch&quot;; vertical-align: baseline; color: rgb(0, 0, 0);\"></p><div style=\"margin: 0px; padding: 0px; border: 0px; font-variant-numeric: inherit; font-variant-east-asian: inherit; font-stretch: inherit; line-height: inherit; font-family: &quot;Chakra Petch&quot;; vertical-align: baseline; color: rgb(0, 0, 0); text-align: center;\"><img src=\"https://www.tncstore.vn/image/catalog/Tin%20t%E1%BB%A9c%20website/nvidia%205.5%20USD/Nvidia-tham-gia-vao-cuoc-dua-Metaverse-va-phan-phoi-phan-mem-mien-phi-cho-nghe-si.jpg.optimal.jpg\" style=\"margin: 0px; padding: 0px; border: 0px; font: inherit; width: 730px;\"></div><font face=\"Chakra Petch\" style=\"color: rgb(0, 0, 0); font-family: &quot;Chakra Petch&quot;;\"><i style=\"margin: 0px; padding: 0px; border: 0px; font-variant: inherit; font-weight: inherit; font-stretch: inherit; font-size: inherit; line-height: inherit; font-family: inherit; vertical-align: baseline;\"><br></i></font><p style=\"margin-right: 0px; margin-bottom: 10px; margin-left: 0px; padding: 0px; border: 0px; font-variant-numeric: inherit; font-variant-east-asian: inherit; font-stretch: inherit; line-height: inherit; font-family: &quot;Chakra Petch&quot;; vertical-align: baseline; color: rgb(0, 0, 0);\"></p><p dir=\"ltr\" style=\"margin: 12pt 0px; padding: 0px; border: 0px; font-variant-numeric: inherit; font-variant-east-asian: inherit; font-stretch: inherit; line-height: 1.38; font-family: &quot;Chakra Petch&quot;; vertical-align: baseline; color: rgb(0, 0, 0);\"><span style=\"margin: 0px; padding: 0px; border: 0px; font-variant-numeric: normal; font-variant-east-asian: normal; font-weight: inherit; font-stretch: inherit; font-size: 18px; line-height: inherit; font-family: inherit; vertical-align: baseline; background-color: transparent; white-space: pre-wrap;\">Mới đây, Nvidia đã gặp phải một rắc rối lớn liên quan tới doanh thu bán hàng cho các đơn vị hoặc cá nhân sử dụng GPU vào mục đích khai thác tiền điện tử. Cụ thể, Nvidia đã giải trình với các nhà đầu tư rằng doanh thu tới từ GPU đã tăng mạnh nhờ vào nhu cầu “<span style=\"margin: 0px; padding: 0px; border: 0px; font-style: inherit; font-variant: inherit; font-weight: 700; font-stretch: inherit; font-size: inherit; line-height: inherit; font-family: inherit; vertical-align: baseline;\">gaming</span>”. Trong khi đó thực chất những con số kỷ lục mà Nvidia đạt được có phần đóng góp không nhỏ tới từ việc bán GPU cho các nông dân đào coin.</span></p><p dir=\"ltr\" style=\"margin: 12pt 0px; padding: 0px; border: 0px; font-variant-numeric: inherit; font-variant-east-asian: inherit; font-stretch: inherit; line-height: 1.38; font-family: &quot;Chakra Petch&quot;; vertical-align: baseline; color: rgb(0, 0, 0);\"><span style=\"margin: 0px; padding: 0px; border: 0px; font-variant-numeric: normal; font-variant-east-asian: normal; font-stretch: inherit; font-size: 18px; line-height: inherit; font-family: inherit; vertical-align: baseline; background-color: transparent; white-space: pre-wrap;\">Ủy ban Chứng khoán và Giao dịch Hoa Kỳ (SEC) đã công bố các khoản phí phạt và hướng giải quyết với Nvidia vào cuối tuần trước. Về phần mình, Nvidia không hoàn toàn thừa nhận hành vi sai trái của mình, tuy nhiên họ cũng đồng ý dừng mọi hoạt động gây ra những thông tin sai lệch như trên.</span></p><p dir=\"ltr\" style=\"margin: 12pt 0px; padding: 0px; border: 0px; font-variant-numeric: inherit; font-variant-east-asian: inherit; font-stretch: inherit; line-height: 1.38; font-family: &quot;Chakra Petch&quot;; vertical-align: baseline; color: rgb(0, 0, 0);\"><span style=\"margin: 0px; padding: 0px; border: 0px; font-style: inherit; font-variant-numeric: normal; font-variant-east-asian: normal; font-weight: inherit; font-stretch: inherit; font-size: 18px; line-height: inherit; font-family: inherit; vertical-align: baseline; background-color: transparent; white-space: pre-wrap;\">Đáng nói hơn, khoản phạt <span style=\"margin: 0px; padding: 0px; border: 0px; font-variant: inherit; font-weight: 700; font-stretch: inherit; font-size: inherit; line-height: inherit; font-family: inherit; vertical-align: baseline;\">5,5 triệu USD</span> bắt nguồn từ những <i style=\"margin: 0px; padding: 0px; border: 0px; font-variant: inherit; font-weight: inherit; font-stretch: inherit; font-size: inherit; line-height: inherit; font-family: inherit; vertical-align: baseline;\">báo cáo tài chính của Nvidia</i> kể từ năm 2018. Theo thông tin từ SEC, số lượng GPU của Nvidia được bán ra năm 2017 đã tăng lên đáng kể do nhu cầu đào coin tăng cao. Đây là thời điểm mà phần thưởng cho việc khai thác Ethereum là rất hậu hĩnh, dẫn đến việc bùng nổ số lượng nông dân đào coin.</span></p><p dir=\"ltr\" style=\"margin: 12pt 0px; padding: 0px; border: 0px; font-variant-numeric: inherit; font-variant-east-asian: inherit; font-stretch: inherit; line-height: 1.38; font-family: &quot;Chakra Petch&quot;; vertical-align: baseline; color: rgb(0, 0, 0);\"><span style=\"margin: 0px; padding: 0px; border: 0px; font-variant-numeric: normal; font-variant-east-asian: normal; font-weight: inherit; font-stretch: inherit; font-size: 18px; line-height: inherit; font-family: inherit; vertical-align: baseline; background-color: transparent; white-space: pre-wrap;\">Như đã biết, sự bùng nổ của ngành công nghiệp <span style=\"margin: 0px; padding: 0px; border: 0px; font-style: inherit; font-variant: inherit; font-weight: 700; font-stretch: inherit; font-size: inherit; line-height: inherit; font-family: inherit; vertical-align: baseline;\">khai thác tiền điện tử</span> đã dẫn tới sự thiếu hụt nghiêm trọng trên thị trường <span style=\"margin: 0px; padding: 0px; border: 0px; font-style: inherit; font-variant: inherit; font-weight: 700; font-stretch: inherit; font-size: inherit; line-height: inherit; font-family: inherit; vertical-align: baseline;\">card đồ họa</span>. Mặc dù Nvidia đã tung ra dòng card CMP để dành riêng cho mục đích đào coin nhưng một số lượng lớn <span style=\"margin: 0px; padding: 0px; border: 0px; font-style: inherit; font-variant: inherit; font-weight: 700; font-stretch: inherit; font-size: inherit; line-height: inherit; font-family: inherit; vertical-align: baseline;\">GPU gaming</span> vẫn bị thâu tóm làm trâu cày trong nhữ</span><span style=\"margin: 0px; padding: 0px; border: 0px; font-style: inherit; font-variant: inherit; font-weight: inherit; font-stretch: inherit; font-size: 18px; line-height: inherit; vertical-align: baseline; background-color: transparent; white-space: pre-wrap;\">ng năm vừa qua. Ngay bản thân các nhân viên của Nvidia cũng thừa nhận rằng rất nhiều GPU vẫn sẽ đến tay thợ đào bất chấp những nỗ lực của công ty.</span></p>', 'upload/notify/1/fb2e0d8c7f47e7f5a938ea735ab0c2591.jpg', 0, 0, '2022-05-11 09:16:41'),
(2, 'Hot news: Intel Arc Alchemist bản desktop có thể sẽ được mở bán ngay trong tháng 5!', '<p dir=\"ltr\" style=\"margin: 12pt 0px; padding: 0px; border: 0px; font-variant-numeric: inherit; font-variant-east-asian: inherit; font-stretch: inherit; line-height: 1.38; font-family: &quot;Chakra Petch&quot;; vertical-align: baseline; color: rgb(0, 0, 0);\"><i style=\"margin: 0px; padding: 0px; border: 0px; font-variant: inherit; font-weight: inherit; font-stretch: inherit; font-size: inherit; line-height: inherit; font-family: inherit; vertical-align: baseline;\"><span style=\"margin: 0px; padding: 0px; border: 0px; font-style: inherit; font-variant: inherit; font-weight: inherit; font-stretch: inherit; font-size: 18px; line-height: inherit; vertical-align: baseline; background-color: transparent; white-space: pre-wrap;\">Trái ngược với những tin đồn trước đó, có vẻ như Intel đang dồn lực đẩy mạnh sản xuất để đưa Arc Alchemist lên kệ trong thời gian sớm nhất.<span style=\"margin: 0px; padding: 0px; border: 0px; font-style: inherit; font-variant: inherit; font-weight: 700; font-stretch: inherit; font-size: inherit; line-height: inherit; font-family: inherit; vertical-align: baseline;\"> GPU desktop</span> mới của đội Xanh được cho là sẽ được chính thức bày bán vào khoảng cuối tháng 5 hoặc đầu tháng 6.</span></i></p><p dir=\"ltr\" style=\"margin: 12pt 0px; padding: 0px; border: 0px; font-variant-numeric: inherit; font-variant-east-asian: inherit; font-stretch: inherit; line-height: 1.38; font-family: &quot;Chakra Petch&quot;; vertical-align: baseline; color: rgb(0, 0, 0);\"></p><div style=\"margin: 0px; padding: 0px; border: 0px; font-variant-numeric: inherit; font-variant-east-asian: inherit; font-stretch: inherit; line-height: inherit; font-family: &quot;Chakra Petch&quot;; vertical-align: baseline; color: rgb(0, 0, 0); text-align: center;\"><img src=\"https://www.tncstore.vn/image/catalog/Tin%20t%E1%BB%A9c%20website/Alchemist%20/intel-arc-alchemist-desktop-render.jpg\" style=\"margin: 0px; padding: 0px; border: 0px; font: inherit; width: 730px;\"></div><i style=\"margin: 0px; padding: 0px; border: 0px; font-variant-numeric: inherit; font-variant-east-asian: inherit; font-stretch: inherit; line-height: inherit; font-family: &quot;Chakra Petch&quot;; vertical-align: baseline; color: rgb(0, 0, 0);\"><br></i><p style=\"margin-right: 0px; margin-bottom: 10px; margin-left: 0px; padding: 0px; border: 0px; font-variant-numeric: inherit; font-variant-east-asian: inherit; font-stretch: inherit; line-height: inherit; font-family: &quot;Chakra Petch&quot;; vertical-align: baseline; color: rgb(0, 0, 0);\"></p><p dir=\"ltr\" style=\"margin: 12pt 0px; padding: 0px; border: 0px; font-variant-numeric: inherit; font-variant-east-asian: inherit; font-stretch: inherit; line-height: 1.38; font-family: &quot;Chakra Petch&quot;; vertical-align: baseline; color: rgb(0, 0, 0);\"><span style=\"margin: 0px; padding: 0px; border: 0px; font-variant-numeric: normal; font-variant-east-asian: normal; font-stretch: inherit; font-size: 18px; line-height: inherit; font-family: inherit; vertical-align: baseline; background-color: transparent; white-space: pre-wrap;\">Tin đồn về ngày mở bán của Arc Alchemist xuất phát từ nguồn tin của Wccftech tại Đài Loan. Theo đó, Intel đang đẩy nhanh tiến độ sản xuất card đồ họa mới của mình và có thể ngày Arc Alchemist bản desktop có mặt trên các quầy kệ không còn xa. Bằng chứng là đội Xanh đã bắt đầu liên hệ với các đối tác trong chuỗi cung ứng và phân phối sản phẩm của mình.</span></p><p dir=\"ltr\" style=\"margin: 12pt 0px; padding: 0px; border: 0px; font-variant-numeric: inherit; font-variant-east-asian: inherit; font-stretch: inherit; line-height: 1.38; font-family: &quot;Chakra Petch&quot;; vertical-align: baseline; color: rgb(0, 0, 0);\"><span style=\"margin: 0px; padding: 0px; border: 0px; font-style: inherit; font-variant-numeric: normal; font-variant-east-asian: normal; font-weight: inherit; font-stretch: inherit; font-size: 18px; line-height: inherit; font-family: inherit; vertical-align: baseline; background-color: transparent; white-space: pre-wrap;\">Cụ thể hơn, Wccftech cho biết mẫu<span style=\"margin: 0px; padding: 0px; border: 0px; font-variant: inherit; font-weight: 700; font-stretch: inherit; font-size: inherit; line-height: inherit; font-family: inherit; vertical-align: baseline;\"> GPU A750 và A580</span> dự kiến sẽ được phát hành vào cuối tháng 5 hoặc đầu tháng 6 tới. Giá khuyến nghị của hãng (MSRP) đối với A750 là 350 USD, trong khi con số này của A580 sẽ là 280 USD. Card đồ họa A750 thuộc dòng <span style=\"margin: 0px; padding: 0px; border: 0px; font-variant: inherit; font-weight: 700; font-stretch: inherit; font-size: inherit; line-height: inherit; font-family: inherit; vertical-align: baseline;\">A-series</span>, dòng sản phẩm tầm trung của <i style=\"margin: 0px; padding: 0px; border: 0px; font-variant: inherit; font-weight: inherit; font-stretch: inherit; font-size: inherit; line-height: inherit; font-family: inherit; vertical-align: baseline;\">Arc Alchemist</i>. Theo những thông tin rò rỉ từ Wccftech, dòng GPU này sẽ có hiệu năng tương đương với RTX 3060 của Nvidia.</span></p><p dir=\"ltr\" style=\"margin: 12pt 0px; padding: 0px; border: 0px; font-variant-numeric: inherit; font-variant-east-asian: inherit; font-stretch: inherit; line-height: 1.38; font-family: &quot;Chakra Petch&quot;; vertical-align: baseline; color: rgb(0, 0, 0);\"><span style=\"margin: 0px; padding: 0px; border: 0px; font-variant-numeric: normal; font-variant-east-asian: normal; font-stretch: inherit; font-size: 18px; line-height: inherit; font-family: inherit; vertical-align: baseline; background-color: transparent; white-space: pre-wrap;\">Ngoài ra, Intel cũng đã thông báo với các đối tác rằng driver của Arc Alchemist vẫn đang trong quá trình hoàn thiện. Đội Xanh vẫn sẽ theo dõi và có những cải tiến về driver sau khi Arc Alchemist được ra mắt. Về mặt giá cả, giá đề xuất của RTX 3060 là 330 USD, tức là ở mức tương đương với A750. Tuy nhiên trên thực tế, giá thị trường cho con card của Nvidia dao động trong khoảng 479 USD – 599 USD. Trong bối cảnh thị trường GPU đã có dấu hiệu hạ nhiệt, liệu giá của A750 có tăng lên quá cao so với MSRP không cũng là một câu hỏi nhận được rất nhiều sự quan tâm của người dùng vào lúc này.</span></p>', 'upload/notify/2/cd331a216879ef0358ebe64bd26e32312.jpg', 0, 0, '2022-05-11 09:16:41'),
(3, 'AMD hé lộ tân binh mới trong lineup Ryzen 7000 với hiệu năng siêu khủng!', 'Sau quãng thời gian đầu năm “ở ẩn”, AMD đang rục rịch để trở lại cho những màn trở lại hoành tráng vào nửa cuối năm. Sau khi tiết lộ kế hoạch về GPU Navi 31, đội Đỏ tiếp tục nhá hàng với một tân binh mới toanh thuộc lineup Ryzen 7000 series và sở hữu hiệu năng', 'upload/notify/3/639de1d7cc4830840ef77b83fc5319473.png', 0, 0, '2022-05-11 09:16:41'),
(13, 'LỰA CHỌN LAPTOP CHO SINH VIÊN VỪA HỌC VỪA CHƠI 2020', '<p dir=\"ltr\" style=\"margin: 0pt 0px; padding: 0px; border: 0px; font-variant-numeric: inherit; font-variant-east-asian: inherit; font-stretch: inherit; line-height: 1.38; font-family: &quot;Chakra Petch&quot;; vertical-align: baseline; color: rgb(0, 0, 0);\"><span style=\"margin: 0px; padding: 0px; border: 0px; font-style: inherit; font-variant-numeric: normal; font-variant-east-asian: normal; font-stretch: inherit; font-size: 18px; line-height: inherit; font-family: inherit; vertical-align: baseline; background-color: transparent; white-space: pre-wrap;\"><font face=\"Chakra Petch\"><i style=\"margin: 0px; padding: 0px; border: 0px; font-variant: inherit; font-weight: inherit; font-stretch: inherit; font-size: inherit; line-height: inherit; font-family: inherit; vertical-align: baseline;\">Asus ROG Zephyrus G14 GA401QH-K2091W là mẫu laptop gaming có vẻ bề ngoài thu hút cùng với sức mạnh hiệu năng tối ưu khi sáng tạo nội dung và chơi game. Không những vậy, GA401QH-K2091W còn có khả năng cho phép anh em khắc họa dấu ấn cá nhân cực chất! Hãy cùng TNC tìm hiểu chi tiết mẫu laptop gaming này có gì đặc biệt trong bài viết này nhé!&nbsp;</i></font></span></p><p style=\"margin-right: 0px; margin-bottom: 10px; margin-left: 0px; padding: 0px; border: 0px; font-variant-numeric: inherit; font-variant-east-asian: inherit; font-stretch: inherit; line-height: inherit; font-family: &quot;Chakra Petch&quot;; vertical-align: baseline; color: rgb(0, 0, 0);\"><span id=\"docs-internal-guid-1bd3ee1f-7fff-d4d0-624a-781a723bdc1a\" style=\"margin: 0px; padding: 0px; border: 0px; font-style: inherit; font-variant: inherit; font-stretch: inherit; font-size: inherit; line-height: inherit; font-family: inherit; vertical-align: baseline;\"><br></span></p><h1 style=\"margin: 0pt 0px; padding: 0px; border: 0px; font-variant-numeric: inherit; font-variant-east-asian: inherit; font-weight: inherit; font-stretch: inherit; font-size: inherit; line-height: 1.38; font-family: &quot;Chakra Petch&quot;; vertical-align: baseline; color: rgb(0, 0, 0);\"><span style=\"margin: 0px; padding: 0px; border: 0px; font-variant-numeric: normal; font-variant-east-asian: normal; font-weight: 700; font-stretch: inherit; font-size: 18px; line-height: inherit; font-family: inherit; vertical-align: baseline; background-color: transparent; white-space: pre-wrap;\">THIẾT KẾ SANG TRỌNG, TINH TẾ</span></h1><p style=\"margin-right: 0px; margin-bottom: 10px; margin-left: 0px; padding: 0px; border: 0px; font-variant-numeric: inherit; font-variant-east-asian: inherit; font-stretch: inherit; line-height: inherit; font-family: &quot;Chakra Petch&quot;; vertical-align: baseline; color: rgb(0, 0, 0);\"><span style=\"margin: 0px; padding: 0px; border: 0px; font-style: inherit; font-variant: inherit; font-stretch: inherit; font-size: inherit; line-height: inherit; font-family: inherit; vertical-align: baseline;\"><br></span></p><p dir=\"ltr\" style=\"margin: 0pt 0px; padding: 0px; border: 0px; font-variant-numeric: inherit; font-variant-east-asian: inherit; font-stretch: inherit; line-height: 1.38; font-family: &quot;Chakra Petch&quot;; vertical-align: baseline; color: rgb(0, 0, 0);\"><span style=\"margin: 0px; padding: 0px; border: 0px; font-variant-numeric: normal; font-variant-east-asian: normal; font-weight: inherit; font-stretch: inherit; font-size: 18px; line-height: inherit; font-family: inherit; vertical-align: baseline; background-color: transparent; white-space: pre-wrap;\"><span style=\"margin: 0px; padding: 0px; border: 0px; font-style: inherit; font-variant: inherit; font-weight: 700; font-stretch: inherit; font-size: inherit; line-height: inherit; font-family: inherit; vertical-align: baseline;\"><a href=\"https://www.tncstore.vn/laptop-asus-rog-zephyrus-ga401qh-k2091w.html\" target=\"_blank\" style=\"margin: 0px; padding: 0px; border: 0px; font: inherit; vertical-align: baseline;\">Asus ROG Zephyrus G14</a></span> được yêu mến ngay từ cái nhìn đầu tiên bởi thiết kế vô cùng sang trọng và tinh tế. Bề mặt vỏ máy được làm bằng chất liệu nhôm-magie cao cấp giúp chống bám vân tay cực tốt, cộng với công nghệ phay <span style=\"margin: 0px; padding: 0px; border: 0px; font-style: inherit; font-variant: inherit; font-weight: 700; font-stretch: inherit; font-size: inherit; line-height: inherit; font-family: inherit; vertical-align: baseline;\">CNC</span> tạo ra 6536 lỗ trên mặt A của mẫu <span style=\"margin: 0px; padding: 0px; border: 0px; font-style: inherit; font-variant: inherit; font-weight: 700; font-stretch: inherit; font-size: inherit; line-height: inherit; font-family: inherit; vertical-align: baseline;\">laptop gaming tầm trung</span> với độ chính xác cực cao.</span></p><p style=\"margin-right: 0px; margin-bottom: 10px; margin-left: 0px; padding: 0px; border: 0px; font-variant-numeric: inherit; font-variant-east-asian: inherit; font-stretch: inherit; line-height: inherit; font-family: &quot;Chakra Petch&quot;; vertical-align: baseline; color: rgb(0, 0, 0);\"><span style=\"margin: 0px; padding: 0px; border: 0px; font-style: inherit; font-variant: inherit; font-stretch: inherit; font-size: inherit; line-height: inherit; font-family: inherit; vertical-align: baseline;\"><br></span></p><p dir=\"ltr\" style=\"margin: 0pt 0px; padding: 0px; border: 0px; font-variant-numeric: inherit; font-variant-east-asian: inherit; font-stretch: inherit; line-height: 1.38; font-family: &quot;Chakra Petch&quot;; vertical-align: baseline; color: rgb(0, 0, 0);\"><span style=\"margin: 0px; padding: 0px; border: 0px; font-variant-numeric: normal; font-variant-east-asian: normal; font-weight: inherit; font-stretch: inherit; font-size: 18px; line-height: inherit; font-family: inherit; vertical-align: baseline; background-color: transparent; white-space: pre-wrap;\">Đặc biệt, dưới những lỗ này là hệ thống 1215 bóng đèn LED mini với hiệu ứng <span style=\"margin: 0px; padding: 0px; border: 0px; font-style: inherit; font-variant: inherit; font-weight: 700; font-stretch: inherit; font-size: inherit; line-height: inherit; font-family: inherit; vertical-align: baseline;\">Anime Matrix</span>, giúp anh em game thủ có thể thỏa sức khẳng định cái tôi qua nội dung hiển thị. Người dùng có thể tùy chỉnh hình động, văn bản, trạng thái pin hoặc thông báo trên nắp của máy tính qua ứng dụng <span style=\"margin: 0px; padding: 0px; border: 0px; font-style: inherit; font-variant: inherit; font-weight: 700; font-stretch: inherit; font-size: inherit; line-height: inherit; font-family: inherit; vertical-align: baseline;\">Armoury Crate</span> được tích hợp sẵn trên máy.</span></p>', 'upload/notify/13/f706eacd6d5a468db4b4edf42ac9483c13.jpg', 0, 0, '2022-06-25 18:07:22'),
(14, 'Arc Alchemist A380 trầy trật khi so điểm benchmark với GPU RDNA 2 “hạng bét” của AMD', '<p dir=\"ltr\" style=\"margin: 12pt 0px; padding: 0px; border: 0px; font-variant-numeric: inherit; font-variant-east-asian: inherit; font-stretch: inherit; line-height: 1.38; font-family: &quot;Chakra Petch&quot;; vertical-align: baseline; color: rgb(0, 0, 0);\"><i style=\"margin: 0px; padding: 0px; border: 0px; font-variant: inherit; font-weight: inherit; font-stretch: inherit; font-size: inherit; line-height: inherit; font-family: inherit; vertical-align: baseline;\"><span style=\"margin: 0px; padding: 0px; border: 0px; font-style: inherit; font-variant: inherit; font-weight: inherit; font-stretch: inherit; font-size: 18px; line-height: inherit; vertical-align: baseline; background-color: transparent; white-space: pre-wrap;\">Sau khi cho ra mắt A370M - sản phẩm đầu tiên của dòng Arc Alchemist với hiệu năng tương đối ấn tượng, Intel tiếp tục chuẩn bị cho ra mắt GPU mới đánh vào phân khúc bình dân. Với những động thái mới từ đội Xanh, một trận chiến nảy lửa giữa Intel với AMD hoặc Nvidia hứa hẹn sẽ diễn ra trong tương lai gần.</span></i></p><p dir=\"ltr\" style=\"margin: 12pt 0px; padding: 0px; border: 0px; font-variant-numeric: inherit; font-variant-east-asian: inherit; font-stretch: inherit; line-height: 1.38; font-family: &quot;Chakra Petch&quot;; vertical-align: baseline; color: rgb(0, 0, 0);\"></p><div style=\"margin: 0px; padding: 0px; border: 0px; font-variant-numeric: inherit; font-variant-east-asian: inherit; font-stretch: inherit; line-height: inherit; font-family: &quot;Chakra Petch&quot;; vertical-align: baseline; color: rgb(0, 0, 0); text-align: center;\"><img src=\"https://www.tncstore.vn/image/catalog/Tin%20t%E1%BB%A9c%20website/Intel%20Arc%20Alchemist/intel-arc-alchemist-graphics-car.jpg\" style=\"margin: 0px; padding: 0px; border: 0px; font: inherit; width: 730px;\"></div><i style=\"margin: 0px; padding: 0px; border: 0px; font-variant-numeric: inherit; font-variant-east-asian: inherit; font-stretch: inherit; line-height: inherit; font-family: &quot;Chakra Petch&quot;; vertical-align: baseline; color: rgb(0, 0, 0);\"><br></i><p style=\"margin-right: 0px; margin-bottom: 10px; margin-left: 0px; padding: 0px; border: 0px; font-variant-numeric: inherit; font-variant-east-asian: inherit; font-stretch: inherit; line-height: inherit; font-family: &quot;Chakra Petch&quot;; vertical-align: baseline; color: rgb(0, 0, 0);\"></p><p dir=\"ltr\" style=\"margin: 12pt 0px; padding: 0px; border: 0px; font-variant-numeric: inherit; font-variant-east-asian: inherit; font-stretch: inherit; line-height: 1.38; font-family: &quot;Chakra Petch&quot;; vertical-align: baseline; color: rgb(0, 0, 0);\"><span style=\"margin: 0px; padding: 0px; border: 0px; font-variant-numeric: normal; font-variant-east-asian: normal; font-weight: inherit; font-stretch: inherit; font-size: 18px; line-height: inherit; font-family: inherit; vertical-align: baseline; background-color: transparent; white-space: pre-wrap;\">Vào cuối tháng 3 vừa rồi, Intel đã chính thức cho ra mắt sản phẩm đầu tiên của dòng <span style=\"margin: 0px; padding: 0px; border: 0px; font-style: inherit; font-variant: inherit; font-weight: 700; font-stretch: inherit; font-size: inherit; line-height: inherit; font-family: inherit; vertical-align: baseline;\">GPU Arc Alchemist</span> với tên gọi A370M. Dân tình đã phải chờ đằng đẵng hai tháng trời để được chứng kiến <span style=\"margin: 0px; padding: 0px; border: 0px; font-style: inherit; font-variant: inherit; font-weight: 700; font-stretch: inherit; font-size: inherit; line-height: inherit; font-family: inherit; vertical-align: baseline;\">card đồ họa chơi game mới của Intel</span>. Tuy nhiên khi đã nổ phát súng đầu tiên thì có vẻ như mọi việc đã trở nên thuận lợi hơn nhiều với đội Xanh.</span></p><p dir=\"ltr\" style=\"margin: 12pt 0px; padding: 0px; border: 0px; font-variant-numeric: inherit; font-variant-east-asian: inherit; font-stretch: inherit; line-height: 1.38; font-family: &quot;Chakra Petch&quot;; vertical-align: baseline; color: rgb(0, 0, 0);\"><span style=\"margin: 0px; padding: 0px; border: 0px; font-variant-numeric: normal; font-variant-east-asian: normal; font-stretch: inherit; font-size: 18px; line-height: inherit; font-family: inherit; vertical-align: baseline; background-color: transparent; white-space: pre-wrap;\">Mới đây, Videocardz tiết lộ Intel đang chuẩn bị để đưa sản phẩm tiếp theo của dòng Arc Alchemist lên kệ với tên gọi A310. Khác với A370M, đây là dòng card đánh vào phân khúc bình dân và là phiên bản cắt giảm của DG2-128 (ACM-G11). Đồng thời, hiệu năng của A310 sẽ nằm đâu đó ở giữa Iris Xe MAX (DG1) và A350M, với mục tiêu cạnh tranh trực tiếp với Radeon RX 6400 của AMD và GTX 1650 của Nvidia trong phân khúc GPU giá rẻ.</span></p>', 'upload/notify/14/579af42f5dbee842366e0a6a5facb8f314.jpg', 0, 0, '2022-06-25 18:09:43'),
(15, 'Sau Nvidia tới lượt AMD bị tin tặc tấn công và lấy cắp 450GB dữ liệu tuyệt mật!', '<p dir=\"ltr\" style=\"margin: 12pt 0px; padding: 0px; border: 0px; font-variant-numeric: inherit; font-variant-east-asian: inherit; font-stretch: inherit; line-height: 1.38; font-family: \" chakra=\"\" petch\";=\"\" vertical-align:=\"\" baseline;=\"\" color:=\"\" rgb(0,=\"\" 0,=\"\" 0);\"=\"\"><font face=\"Chakra Petch\"><i style=\"margin: 0px; padding: 0px; border: 0px; font-variant: inherit; font-weight: inherit; font-stretch: inherit; font-size: 18px; line-height: inherit; font-family: inherit; vertical-align: baseline; background-color: transparent; white-space: pre-wrap;\"><span style=\"margin: 0px; padding: 0px; border: 0px; font-style: inherit; font-variant: inherit; font-weight: inherit; font-stretch: inherit; line-height: inherit; font-family: inherit; vertical-align: baseline;\">Hồi đầu năm nay, </span><span style=\"margin: 0px; padding: 0px; border: 0px; font-style: inherit; font-variant: inherit; font-weight: 700; font-stretch: inherit; font-size: inherit; line-height: inherit; font-family: inherit; vertical-align: baseline;\"><span style=\"margin: 0px; padding: 0px; border: 0px; font-style: inherit; font-variant: inherit; font-weight: inherit; font-stretch: inherit; line-height: inherit; font-family: inherit; vertical-align: baseline;\">Nvidia</span></span><span style=\"margin: 0px; padding: 0px; border: 0px; font-style: inherit; font-variant: inherit; font-weight: inherit; font-stretch: inherit; line-height: inherit; font-family: inherit; vertical-align: baseline;\"> đã có một phen chao đảo khi hệ thống dữ liệu bị tin tặc tấn công. Và mới đây, có vẻ như </span><span style=\"margin: 0px; padding: 0px; border: 0px; font-style: inherit; font-variant: inherit; font-weight: 700; font-stretch: inherit; font-size: inherit; line-height: inherit; font-family: inherit; vertical-align: baseline;\"><span style=\"margin: 0px; padding: 0px; border: 0px; font-style: inherit; font-variant: inherit; font-weight: inherit; font-stretch: inherit; line-height: inherit; font-family: inherit; vertical-align: baseline;\">AMD</span></span><span style=\"margin: 0px; padding: 0px; border: 0px; font-style: inherit; font-variant: inherit; font-weight: inherit; font-stretch: inherit; line-height: inherit; font-family: inherit; vertical-align: baseline;\"> cũng chịu chung số phận khi bị một nhóm </span><span style=\"margin: 0px; padding: 0px; border: 0px; font-style: inherit; font-variant: inherit; font-weight: 700; font-stretch: inherit; font-size: inherit; line-height: inherit; font-family: inherit; vertical-align: baseline;\"><span style=\"margin: 0px; padding: 0px; border: 0px; font-style: inherit; font-variant: inherit; font-weight: inherit; font-stretch: inherit; line-height: inherit; font-family: inherit; vertical-align: baseline;\">hacker</span></span><span style=\"margin: 0px; padding: 0px; border: 0px; font-style: inherit; font-variant: inherit; font-weight: inherit; font-stretch: inherit; line-height: inherit; font-family: inherit; vertical-align: baseline;\"> “hỏi thăm” và lấy cắp một khối lượng lớn </span><span style=\"margin: 0px; padding: 0px; border: 0px; font-style: inherit; font-variant: inherit; font-weight: 700; font-stretch: inherit; font-size: inherit; line-height: inherit; font-family: inherit; vertical-align: baseline;\"><span style=\"margin: 0px; padding: 0px; border: 0px; font-style: inherit; font-variant: inherit; font-weight: inherit; font-stretch: inherit; line-height: inherit; font-family: inherit; vertical-align: baseline;\">dữ liệu tuyệt mật</span></span><span style=\"margin: 0px; padding: 0px; border: 0px; font-style: inherit; font-variant: inherit; font-weight: inherit; font-stretch: inherit; line-height: inherit; font-family: inherit; vertical-align: baseline;\"> của công ty.</span></i></font></p><p dir=\"ltr\" style=\"margin: 12pt 0px; padding: 0px; border: 0px; font-variant-numeric: inherit; font-variant-east-asian: inherit; font-stretch: inherit; line-height: 1.38; font-family: \" chakra=\"\" petch\";=\"\" vertical-align:=\"\" baseline;=\"\" color:=\"\" rgb(0,=\"\" 0,=\"\" 0);\"=\"\"></p><div style=\"margin: 0px; padding: 0px; border: 0px; font-variant-numeric: inherit; font-variant-east-asian: inherit; font-stretch: inherit; line-height: inherit; font-family: \" chakra=\"\" petch\";=\"\" vertical-align:=\"\" baseline;=\"\" color:=\"\" rgb(0,=\"\" 0,=\"\" 0);=\"\" text-align:=\"\" center;\"=\"\"><img src=\"https://www.tncstore.vn/image/catalog/Tin%20t%E1%BB%A9c%20website/AMD%20b%E1%BB%8B%20tin%20t%E1%BA%B7c/2.png\" style=\"margin: 0px; padding: 0px; border: 0px; font: inherit; width: 730px;\"></div><font face=\"Chakra Petch\" style=\"color: rgb(0, 0, 0); font-family: \" chakra=\"\" petch\";\"=\"\"><br></font><p style=\"margin-right: 0px; margin-bottom: 10px; margin-left: 0px; padding: 0px; border: 0px; font-variant-numeric: inherit; font-variant-east-asian: inherit; font-stretch: inherit; line-height: inherit; font-family: \" chakra=\"\" petch\";=\"\" vertical-align:=\"\" baseline;=\"\" color:=\"\" rgb(0,=\"\" 0,=\"\" 0);\"=\"\"></p><p dir=\"ltr\" style=\"margin: 12pt 0px; padding: 0px; border: 0px; font-variant-numeric: inherit; font-variant-east-asian: inherit; font-stretch: inherit; line-height: 1.38; font-family: \" chakra=\"\" petch\";=\"\" vertical-align:=\"\" baseline;=\"\" color:=\"\" rgb(0,=\"\" 0,=\"\" 0);\"=\"\"><span style=\"margin: 0px; padding: 0px; border: 0px; font-variant-numeric: normal; font-variant-east-asian: normal; font-weight: inherit; font-stretch: inherit; font-size: 18px; line-height: inherit; font-family: inherit; vertical-align: baseline; background-color: transparent; white-space: pre-wrap;\"><font face=\"Chakra Petch\"><span style=\"margin: 0px; padding: 0px; border: 0px; font-style: inherit; font-variant: inherit; font-weight: inherit; font-stretch: inherit; line-height: inherit; font-family: inherit; vertical-align: baseline;\">Theo đó, một nhóm hacker có tên</span><span style=\"margin: 0px; padding: 0px; border: 0px; font-style: inherit; font-variant: inherit; font-weight: 700; font-stretch: inherit; font-size: inherit; line-height: inherit; font-family: inherit; vertical-align: baseline;\"><span style=\"margin: 0px; padding: 0px; border: 0px; font-style: inherit; font-variant: inherit; font-weight: inherit; font-stretch: inherit; line-height: inherit; font-family: inherit; vertical-align: baseline;\"> RansomHouse</span></span><span style=\"margin: 0px; padding: 0px; border: 0px; font-style: inherit; font-variant: inherit; font-weight: inherit; font-stretch: inherit; line-height: inherit; font-family: inherit; vertical-align: baseline;\"> vừa lên tiếng khẳng định họ đã đột nhập được vào hệ thống của AMD và đánh cắp tới</span><span style=\"margin: 0px; padding: 0px; border: 0px; font-style: inherit; font-variant: inherit; font-weight: 700; font-stretch: inherit; font-size: inherit; line-height: inherit; font-family: inherit; vertical-align: baseline;\"><span style=\"margin: 0px; padding: 0px; border: 0px; font-style: inherit; font-variant: inherit; font-weight: inherit; font-stretch: inherit; line-height: inherit; font-family: inherit; vertical-align: baseline;\"> 450GB </span></span><span style=\"margin: 0px; padding: 0px; border: 0px; font-style: inherit; font-variant: inherit; font-weight: inherit; font-stretch: inherit; line-height: inherit; font-family: inherit; vertical-align: baseline;\">dữ liệu nhạy cảm của công ty. Theo thông tin từ</span><span style=\"margin: 0px; padding: 0px; border: 0px; font-style: inherit; font-variant: inherit; font-weight: 700; font-stretch: inherit; font-size: inherit; line-height: inherit; font-family: inherit; vertical-align: baseline;\"><span style=\"margin: 0px; padding: 0px; border: 0px; font-style: inherit; font-variant: inherit; font-weight: inherit; font-stretch: inherit; line-height: inherit; font-family: inherit; vertical-align: baseline;\"> Bleeping Computer</span></span><span style=\"margin: 0px; padding: 0px; border: 0px; font-style: inherit; font-variant: inherit; font-weight: inherit; font-stretch: inherit; line-height: inherit; font-family: inherit; vertical-align: baseline;\"> và </span><span style=\"margin: 0px; padding: 0px; border: 0px; font-style: inherit; font-variant: inherit; font-weight: 700; font-stretch: inherit; font-size: inherit; line-height: inherit; font-family: inherit; vertical-align: baseline;\"><span style=\"margin: 0px; padding: 0px; border: 0px; font-style: inherit; font-variant: inherit; font-weight: inherit; font-stretch: inherit; line-height: inherit; font-family: inherit; vertical-align: baseline;\">Tom’s Hardware</span></span><span style=\"margin: 0px; padding: 0px; border: 0px; font-style: inherit; font-variant: inherit; font-weight: inherit; font-stretch: inherit; line-height: inherit; font-family: inherit; vertical-align: baseline;\">, RansomeHouse không phải là tay mơ và thường thì họ không tấn công vào một đối tượng ngẫu nhiên.</span></font></span></p><p dir=\"ltr\" style=\"margin: 12pt 0px; padding: 0px; border: 0px; font-variant-numeric: inherit; font-variant-east-asian: inherit; font-stretch: inherit; line-height: 1.38; font-family: \" chakra=\"\" petch\";=\"\" vertical-align:=\"\" baseline;=\"\" color:=\"\" rgb(0,=\"\" 0,=\"\" 0);\"=\"\"><span style=\"margin: 0px; padding: 0px; border: 0px; font-variant-numeric: normal; font-variant-east-asian: normal; font-stretch: inherit; font-size: 18px; line-height: inherit; font-family: inherit; vertical-align: baseline; background-color: transparent; white-space: pre-wrap;\">Thay vào đó, nhóm hacker này có đối tượng cụ thể và sẽ lên kế hoạch kỹ càng trước khi tấn công vào hệ thống an ninh của nạn nhân. Sau khi trích xuất được các dữ liệu quan trọng, RansomeHouse sẽ liên hệ với khổ chủ để yêu cầu tiền chuộc nếu không muốn những dữ liệu này bị rò rỉ ra bên ngoài.</span></p>', 'upload/notify/15/c544a5132fc2303d48fbfd784f4b1c4115.png', 0, 0, '2022-06-25 18:15:24'),
(16, 'Hạ đẹp Core i9-12900K  CPU Raptor Lake sẽ là quái vật đa nhiệm mới của Intel?', '<p dir=\"ltr\" style=\"margin: 12pt 0px; padding: 0px; border: 0px; font-variant-numeric: inherit; font-variant-east-asian: inherit; font-stretch: inherit; line-height: 1.38; font-family: &quot;Chakra Petch&quot;; vertical-align: baseline; color: rgb(0, 0, 0);\"><span style=\"margin: 0px; padding: 0px; border: 0px; font-style: inherit; font-variant: inherit; font-weight: inherit; font-stretch: inherit; font-size: 18px; line-height: inherit; vertical-align: baseline; background-color: transparent; white-space: pre-wrap;\"><i style=\"margin: 0px; padding: 0px; border: 0px; font-variant: inherit; font-weight: inherit; font-stretch: inherit; font-size: inherit; line-height: inherit; font-family: inherit; vertical-align: baseline;\">Những bài test benchmark mới của Raptor Lake vừa được tiết lộ và nó thực sự đã phần nào cho thấy sức mạnh của dòng <span style=\"margin: 0px; padding: 0px; border: 0px; font-style: inherit; font-variant: inherit; font-weight: 700; font-stretch: inherit; font-size: inherit; line-height: inherit; font-family: inherit; vertical-align: baseline;\">CPU</span> mới này. <span style=\"margin: 0px; padding: 0px; border: 0px; font-style: inherit; font-variant: inherit; font-weight: 700; font-stretch: inherit; font-size: inherit; line-height: inherit; font-family: inherit; vertical-align: baseline;\">Bộ vi xử lý thứ 13</span> của <span style=\"margin: 0px; padding: 0px; border: 0px; font-style: inherit; font-variant: inherit; font-weight: 700; font-stretch: inherit; font-size: inherit; line-height: inherit; font-family: inherit; vertical-align: baseline;\">Intel </span>đã hạ đẹp Core i9-12900K cả về hiệu suất đơn luồng và đa luồng, hứa hẹn cho sự ra đời của một con quái vật đa nhiệm mới tới từ đội Xanh!</i></span></p><p dir=\"ltr\" style=\"margin: 12pt 0px; padding: 0px; border: 0px; font-variant-numeric: inherit; font-variant-east-asian: inherit; font-stretch: inherit; line-height: 1.38; font-family: &quot;Chakra Petch&quot;; vertical-align: baseline; color: rgb(0, 0, 0);\"></p><div style=\"margin: 0px; padding: 0px; border: 0px; font-variant-numeric: inherit; font-variant-east-asian: inherit; font-stretch: inherit; line-height: inherit; font-family: &quot;Chakra Petch&quot;; vertical-align: baseline; color: rgb(0, 0, 0); text-align: center;\"><img src=\"https://www.tncstore.vn/image/catalog/Tin%20t%E1%BB%A9c%20website/CPU%20Raptor%20Lake/4.png\" style=\"margin: 0px; padding: 0px; border: 0px; font: inherit; width: 730px;\"></div><br style=\"color: rgb(0, 0, 0); font-family: &quot;Chakra Petch&quot;;\"><p style=\"margin-right: 0px; margin-bottom: 10px; margin-left: 0px; padding: 0px; border: 0px; font-variant-numeric: inherit; font-variant-east-asian: inherit; font-stretch: inherit; line-height: inherit; font-family: &quot;Chakra Petch&quot;; vertical-align: baseline; color: rgb(0, 0, 0);\"></p><p dir=\"ltr\" style=\"margin: 12pt 0px; padding: 0px; border: 0px; font-variant-numeric: inherit; font-variant-east-asian: inherit; font-stretch: inherit; line-height: 1.38; font-family: &quot;Chakra Petch&quot;; vertical-align: baseline; color: rgb(0, 0, 0);\"><span style=\"margin: 0px; padding: 0px; border: 0px; font-variant-numeric: normal; font-variant-east-asian: normal; font-weight: inherit; font-stretch: inherit; font-size: 18px; line-height: inherit; font-family: inherit; vertical-align: baseline; background-color: transparent; white-space: pre-wrap;\">Mới đây, một thành viên trên <span style=\"margin: 0px; padding: 0px; border: 0px; font-style: inherit; font-variant: inherit; font-weight: 700; font-stretch: inherit; font-size: inherit; line-height: inherit; font-family: inherit; vertical-align: baseline;\">Chiphell</span>, diễn đàn công nghệ nổi tiếng của Trung Quốc đã chia sẻ một bức ảnh về con chip mới của Intel, đồng thời tiết lộ những thông số về điểm benchmark của con chip này. Trên con chip có thông tin về nhãn <span style=\"margin: 0px; padding: 0px; border: 0px; font-style: inherit; font-variant: inherit; font-weight: 700; font-stretch: inherit; font-size: inherit; line-height: inherit; font-family: inherit; vertical-align: baseline;\">Intel Confidential</span> và mã biến thể<span style=\"margin: 0px; padding: 0px; border: 0px; font-style: inherit; font-variant: inherit; font-weight: 700; font-stretch: inherit; font-size: inherit; line-height: inherit; font-family: inherit; vertical-align: baseline;\"> Q0D8</span>, đây là viết tắt của mẫu <span style=\"margin: 0px; padding: 0px; border: 0px; font-style: inherit; font-variant: inherit; font-weight: 700; font-stretch: inherit; font-size: inherit; line-height: inherit; font-family: inherit; vertical-align: baseline;\">ES1 (Engineering sample 1)</span>. Tuy nhiên, người dùng cũng chia sẻ những điểm <span style=\"margin: 0px; padding: 0px; border: 0px; font-style: inherit; font-variant: inherit; font-weight: 700; font-stretch: inherit; font-size: inherit; line-height: inherit; font-family: inherit; vertical-align: baseline;\">benchmark </span>của cả mẫu <span style=\"margin: 0px; padding: 0px; border: 0px; font-style: inherit; font-variant: inherit; font-weight: 700; font-stretch: inherit; font-size: inherit; line-height: inherit; font-family: inherit; vertical-align: baseline;\">ES3</span>. Cả hai mẫu này đều thuộc về cùng một sản phẩm thuộc dòng<span style=\"margin: 0px; padding: 0px; border: 0px; font-style: inherit; font-variant: inherit; font-weight: 700; font-stretch: inherit; font-size: inherit; line-height: inherit; font-family: inherit; vertical-align: baseline;\"> Raptor Lake</span>, đó chính là <span style=\"margin: 0px; padding: 0px; border: 0px; font-style: inherit; font-variant: inherit; font-weight: 700; font-stretch: inherit; font-size: inherit; line-height: inherit; font-family: inherit; vertical-align: baseline;\">Core i3-13900K</span>.</span></p><div><span style=\"margin: 0px; padding: 0px; border: 0px; font-variant-numeric: normal; font-variant-east-asian: normal; font-weight: inherit; font-stretch: inherit; font-size: 18px; line-height: inherit; font-family: inherit; vertical-align: baseline; background-color: transparent; white-space: pre-wrap;\"><br></span></div>', 'upload/notify/16/20c67e816e32f1d6086548c34307e7e916.png', 0, 0, '2022-06-25 18:19:17'),
(17, 'Điểm chú ý cực quan trọng khi anh em “hốt” GPU trâu cày đã qua sử dụng!', '<p dir=\"ltr\" style=\"margin: 12pt 0px; padding: 0px; border: 0px; font-variant-numeric: inherit; font-variant-east-asian: inherit; font-stretch: inherit; line-height: 1.38; font-family: &quot;Chakra Petch&quot;; vertical-align: baseline; color: rgb(0, 0, 0);\"><i style=\"margin: 0px; padding: 0px; border: 0px; font-variant: inherit; font-weight: inherit; font-stretch: inherit; font-size: 18px; line-height: inherit; vertical-align: baseline; background-color: transparent; white-space: pre-wrap;\">Với việc thị trường tiền điện tử lao dốc, vô số dàn trâu cày đã bị đem bán thanh lý với giá hết sức phải chăng. Việc lựa chọn một chiếc GPU trâu cày đã qua sử dụng có thể là một phương án không tồi cho những dàn PC tiết kiệm ngân sách. Tuy nhiên, anh em cũng cần lưu ý điểm tối quan trọng dưới đây để không mua phải “hàng hớ”.</i><br></p><p dir=\"ltr\" style=\"margin: 12pt 0px; padding: 0px; border: 0px; font-variant-numeric: inherit; font-variant-east-asian: inherit; font-stretch: inherit; line-height: 1.38; font-family: &quot;Chakra Petch&quot;; vertical-align: baseline; color: rgb(0, 0, 0); text-align: center;\"><img src=\"https://www.tncstore.vn/image/catalog/Tin%20t%E1%BB%A9c%20website/GPU%20tr%C3%A2u%20c%C3%A0y%20/4.png\" style=\"margin: 0px; padding: 0px; border: 0px; font: inherit; width: 730px;\"><span style=\"margin: 0px; padding: 0px; border: 0px; font-style: inherit; font-variant-numeric: normal; font-variant-east-asian: normal; font-stretch: inherit; font-size: 18px; line-height: inherit; font-family: inherit; vertical-align: baseline; background-color: transparent; white-space: pre-wrap;\"><font face=\"Chakra Petch\"><i style=\"margin: 0px; padding: 0px; border: 0px; font-variant: inherit; font-weight: inherit; font-stretch: inherit; font-size: inherit; line-height: inherit; font-family: inherit; vertical-align: baseline;\"><br></i></font></span></p><p dir=\"ltr\" style=\"margin: 12pt 0px; padding: 0px; border: 0px; font-variant-numeric: inherit; font-variant-east-asian: inherit; font-stretch: inherit; line-height: 1.38; font-family: &quot;Chakra Petch&quot;; vertical-align: baseline; color: rgb(0, 0, 0);\"><span style=\"margin: 0px; padding: 0px; border: 0px; font-variant-numeric: normal; font-variant-east-asian: normal; font-stretch: inherit; font-size: 18px; line-height: inherit; font-family: inherit; vertical-align: baseline; background-color: transparent; white-space: pre-wrap;\">Một chiếc GPU đào coin hoàn toàn có thể hoạt động tốt với dàn PC thông dụng của anh em. Trái với những định kiến về GPU trâu cày, việc khai thác Ethereum 24/7 cũng không thực sự gây ra quá nhiều tổn hại về các linh kiện bán dẫn của card đồ họa. Nhất là đối với những dàn trâu được giảm xung nhịp để tiết kiệm điện năng thì mức độ hao mòn lại càng thấp.</span></p><p dir=\"ltr\" style=\"margin: 12pt 0px; padding: 0px; border: 0px; font-variant-numeric: inherit; font-variant-east-asian: inherit; font-stretch: inherit; line-height: 1.38; font-family: &quot;Chakra Petch&quot;; vertical-align: baseline; color: rgb(0, 0, 0);\"><span style=\"margin: 0px; padding: 0px; border: 0px; font-variant-numeric: normal; font-variant-east-asian: normal; font-stretch: inherit; font-size: 18px; line-height: inherit; font-family: inherit; vertical-align: baseline; background-color: transparent; white-space: pre-wrap;\">Tuy nhiên, nói như thế không có nghĩa là việc mua lại GPU đào coin không có rủi ro. Điều anh em cần xem xét kỹ nhất khi mua một chiếc GPU trâu cày chính là việc kiểm tra chip bộ nhớ. Những hoạt động đào tiền ảo ảnh hưởng rất lớn đến chip bộ nhớ. Điều này ít khi được người mua lại để ý đến, và đương nhiên là các nông dân thì cũng chẳng đoái hoài gì luôn.</span></p>', 'upload/notify/17/3773be954f06602117299aa6023e17f517.png', 0, 0, '2022-06-25 18:19:23');
INSERT INTO `notification` (`id`, `title`, `content`, `img_name`, `is_delete`, `views`, `created_at`) VALUES
(18, 'Sinh viên CNTT nên chọn Laptop nào? Gợi ý những mẫu laptop tối ưu từ hiệu năng đến giá thành!', '<p dir=\"ltr\" style=\"margin: 0pt 0px; padding: 0px; border: 0px; font-variant-numeric: inherit; font-variant-east-asian: inherit; font-stretch: inherit; line-height: 1.2; font-family: &quot;Chakra Petch&quot;; vertical-align: baseline; color: rgb(0, 0, 0);\"><span style=\"margin: 0px; padding: 0px; border: 0px; font-style: inherit; font-variant-ligatures: inherit; font-variant-caps: inherit; font-variant-numeric: normal; font-variant-east-asian: normal; font-weight: inherit; font-stretch: inherit; font-size: 18px; line-height: inherit; font-family: &quot;Chakra Petch&quot;, sans-serif; vertical-align: baseline; background-color: transparent; white-space: pre-wrap;\"><span style=\"margin: 0px; padding: 0px; border: 0px; font-style: inherit; font-variant: inherit; font-weight: inherit; font-stretch: inherit; line-height: inherit; font-family: inherit; vertical-align: baseline;\">Việc lựa chọn ổ cứng, mình khuyên các bạn nên chọn </span><span style=\"margin: 0px; padding: 0px; border: 0px; font-style: inherit; font-variant: inherit; font-weight: 700; font-stretch: inherit; font-size: inherit; line-height: inherit; font-family: inherit; vertical-align: baseline;\"><span style=\"margin: 0px; padding: 0px; border: 0px; font-style: inherit; font-variant: inherit; font-weight: inherit; font-stretch: inherit; line-height: inherit; font-family: inherit; vertical-align: baseline;\">SSD </span></span><span style=\"margin: 0px; padding: 0px; border: 0px; font-style: inherit; font-variant: inherit; font-weight: inherit; font-stretch: inherit; line-height: inherit; font-family: inherit; vertical-align: baseline;\">thay vì</span><span style=\"margin: 0px; padding: 0px; border: 0px; font-style: inherit; font-variant: inherit; font-weight: 700; font-stretch: inherit; font-size: inherit; line-height: inherit; font-family: inherit; vertical-align: baseline;\"><span style=\"margin: 0px; padding: 0px; border: 0px; font-style: inherit; font-variant: inherit; font-weight: inherit; font-stretch: inherit; line-height: inherit; font-family: inherit; vertical-align: baseline;\"> HDD</span></span><span style=\"margin: 0px; padding: 0px; border: 0px; font-style: inherit; font-variant: inherit; font-weight: inherit; font-stretch: inherit; line-height: inherit; font-family: inherit; vertical-align: baseline;\">, bởi vì việc chạy các ứng dụng chuyên dụng cho ngành công nghệ thông tin cần được khởi động và chạy các chương trình trở nên nhanh chóng và không bị gián đoạn.</span></span></p><p dir=\"ltr\" style=\"margin: 0pt 0px; padding: 0px; border: 0px; font-variant-numeric: inherit; font-variant-east-asian: inherit; font-stretch: inherit; line-height: 1.2; font-family: &quot;Chakra Petch&quot;; vertical-align: baseline; color: rgb(0, 0, 0); text-align: center;\"><img src=\"https://www.tncstore.vn/image/catalog/Tin%20t%E1%BB%A9c%20website/Laptop%20sinh%20vi%C3%AAn%20cntt/1.png\" style=\"margin: 0px; padding: 0px; border: 0px; font: inherit; width: 730px;\"><span style=\"margin: 0px; padding: 0px; border: 0px; font-style: inherit; font-variant-ligatures: inherit; font-variant-caps: inherit; font-variant-numeric: normal; font-variant-east-asian: normal; font-weight: inherit; font-stretch: inherit; font-size: 18px; line-height: inherit; font-family: &quot;Chakra Petch&quot;, sans-serif; vertical-align: baseline; background-color: transparent; white-space: pre-wrap;\"><br></span></p><br style=\"color: rgb(0, 0, 0); font-family: &quot;Chakra Petch&quot;;\"><p dir=\"ltr\" style=\"margin: 0pt 0px; padding: 0px; border: 0px; font-variant-numeric: inherit; font-variant-east-asian: inherit; font-stretch: inherit; line-height: 1.2; font-family: &quot;Chakra Petch&quot;; vertical-align: baseline; color: rgb(0, 0, 0);\"><span style=\"margin: 0px; padding: 0px; border: 0px; font-style: inherit; font-variant-ligatures: inherit; font-variant-caps: inherit; font-variant-numeric: normal; font-variant-east-asian: normal; font-weight: inherit; font-stretch: inherit; font-size: 18px; line-height: inherit; font-family: &quot;Chakra Petch&quot;, sans-serif; vertical-align: baseline; background-color: transparent; white-space: pre-wrap;\">Về dung lượng ổ cứng thì 256GB là lựa chọn tối thiểu nhưng ở thời điểm hiện tại 512GB là lựa chọn quốc dân ở trên hầu hết các dòng laptop nhưng nếu các bạn có điều kiện việc nâng cấp lên 1TB SSD là điều thật tuyệt vời.&nbsp;</span></p>', 'upload/notify/18/8e99d0f92f107f5a12860393a219dfa018.png', 0, 0, '2022-06-25 18:22:44'),
(19, '[HOT DEALS] Tặng bàn phím cơ gaming khi mua Laptop Gaming Acer!', '<p dir=\"ltr\" style=\"margin: 12pt 0px; padding: 0px; border: 0px; font-variant-numeric: inherit; font-variant-east-asian: inherit; font-stretch: inherit; line-height: 1.2; font-family: \" chakra=\"\" petch\";=\"\" vertical-align:=\"\" baseline;=\"\" color:=\"\" rgb(0,=\"\" 0,=\"\" 0);\"=\"\"><font face=\"Chakra Petch\"><span style=\"margin: 0px; padding: 0px; border: 0px; font-style: italic; font-variant: inherit; font-weight: inherit; font-stretch: inherit; font-size: 18px; line-height: inherit; font-family: inherit; vertical-align: baseline; background-color: transparent; white-space: pre-wrap; text-align: justify;\">ơ hội sở hữu bộ đôi laptop Gaming Aspire 7 - Chiến binh đa phong cách cùng Nitro 5 Tiger - Laptop Gaming quốc dân với những ưu đãi đặc biệt: Khách hàng được tặng kèm 1 bàn phím cơ Predator Aethon 301 TKL cao cấp, combo hoàn hảo để chơi game và học tập.</span><br></font></p><h2 style=\"margin: 12pt 0px; padding: 0px; border: 0px; font-variant-numeric: inherit; font-variant-east-asian: inherit; font-weight: inherit; font-stretch: inherit; font-size: inherit; font-family: \" chakra=\"\" petch\";=\"\" vertical-align:=\"\" baseline;=\"\" color:=\"\" rgb(0,=\"\" 0,=\"\" 0);=\"\" text-align:=\"\" justify;\"=\"\"><span style=\"margin: 0px; padding: 0px; border: 0px; font-style: inherit; font-variant-numeric: normal; font-variant-east-asian: normal; font-weight: inherit; font-stretch: inherit; font-size: 24px; line-height: inherit; font-family: inherit; vertical-align: baseline; background-color: transparent; white-space: pre-wrap;\"><font face=\"Chakra Petch\"><span style=\"margin: 0px; padding: 0px; border: 0px; font-style: inherit; font-variant: inherit; font-weight: 700; font-stretch: inherit; font-size: inherit; line-height: inherit; font-family: inherit; vertical-align: baseline;\">Bàn phím cơ gaming Predator Aethon 301 TKL</span></font></span></h2><p dir=\"ltr\" style=\"margin: 12pt 0px; padding: 0px; border: 0px; font-variant-numeric: inherit; font-variant-east-asian: inherit; font-stretch: inherit; line-height: 1.2; font-family: \" chakra=\"\" petch\";=\"\" vertical-align:=\"\" baseline;=\"\" color:=\"\" rgb(0,=\"\" 0,=\"\" 0);=\"\" text-align:=\"\" justify;\"=\"\"><span style=\"margin: 0px; padding: 0px; border: 0px; font-variant-numeric: normal; font-variant-east-asian: normal; font-stretch: inherit; font-size: 18px; line-height: inherit; font-family: inherit; vertical-align: baseline; background-color: transparent; white-space: pre-wrap;\">Bàn phím cơ là thiết bị cần thiết đối với người dùng máy tính đặc biệt là các game thủ. Yếu tố chính xác, độ bền, độ nảy, độ phản hồi, hành trình phím cũng như sự tuỳ biến có thể thay Switch, Keycap… là điều mà bàn phím cơ luôn vượt trội hơn so với bàn phím tích hợp trên các sản phẩm laptop.&nbsp;</span></p><p dir=\"ltr\" style=\"margin: 12pt 0px; padding: 0px; border: 0px; font-variant-numeric: inherit; font-variant-east-asian: inherit; font-stretch: inherit; line-height: 1.2; font-family: \" chakra=\"\" petch\";=\"\" vertical-align:=\"\" baseline;=\"\" color:=\"\" rgb(0,=\"\" 0,=\"\" 0);=\"\" text-align:=\"\" center;\"=\"\"><img src=\"https://www.tncstore.vn/image/catalog/Tin%20t%E1%BB%A9c%20website/ban%20phim%20acer/ls-01.jpg\" style=\"margin: 0px; padding: 0px; border: 0px; font: inherit; width: 730px;\"><span style=\"margin: 0px; padding: 0px; border: 0px; font-variant-numeric: normal; font-variant-east-asian: normal; font-stretch: inherit; font-size: 18px; line-height: inherit; font-family: inherit; vertical-align: baseline; background-color: transparent; white-space: pre-wrap;\"><br></span></p><p dir=\"ltr\" style=\"margin: 12pt 0px; padding: 0px; border: 0px; font-variant-numeric: inherit; font-variant-east-asian: inherit; font-stretch: inherit; line-height: 1.2; font-family: \" chakra=\"\" petch\";=\"\" vertical-align:=\"\" baseline;=\"\" color:=\"\" rgb(0,=\"\" 0,=\"\" 0);=\"\" text-align:=\"\" justify;\"=\"\"><span style=\"margin: 0px; padding: 0px; border: 0px; font-variant-numeric: normal; font-variant-east-asian: normal; font-stretch: inherit; font-size: 18px; line-height: inherit; font-family: inherit; vertical-align: baseline; background-color: transparent; white-space: pre-wrap;\">Nhằm hoàn thiện hơn dải sản phẩm và đáp ứng nhu cầu các game thủ, mới đây Acer đã ra mắt mẫu bàn phím cơ gaming Predator Aethon 301 TKL. Sản phẩm có thiết kế nhỏ gọn chỉ bằng 80% so với bàn phím fullsize tạo không gian cho game thủ thao tác với chuột được thoải mái.&nbsp;</span></p><p dir=\"ltr\" style=\"margin: 12pt 0px; padding: 0px; border: 0px; font-variant-numeric: inherit; font-variant-east-asian: inherit; font-stretch: inherit; line-height: 1.2; font-family: \" chakra=\"\" petch\";=\"\" vertical-align:=\"\" baseline;=\"\" color:=\"\" rgb(0,=\"\" 0,=\"\" 0);=\"\" text-align:=\"\" justify;\"=\"\"><span style=\"margin: 0px; padding: 0px; border: 0px; font-variant-numeric: normal; font-variant-east-asian: normal; font-weight: inherit; font-stretch: inherit; font-size: 18px; line-height: inherit; font-family: inherit; vertical-align: baseline; background-color: transparent; white-space: pre-wrap;\">Và nhằm mang đến cảm giác thực khi tương tác, <span style=\"margin: 0px; padding: 0px; border: 0px; font-style: inherit; font-variant: inherit; font-weight: 700; font-stretch: inherit; font-size: inherit; line-height: inherit; font-family: inherit; vertical-align: baseline;\">Predator Aethon 301 TKL</span> được trang bị Switch cơ học Outemu với lực nhấn 60g. Cảm giác gõ và âm thanh phát ra nghe rất đã, kích thích xúc giác người chơi, giúp các pha xử lý trở nên hoàn hảo mang đến sự phấn khích trong các trận chiến.&nbsp;</span></p><p dir=\"ltr\" style=\"margin: 12pt 0px; padding: 0px; border: 0px; font-variant-numeric: inherit; font-variant-east-asian: inherit; font-stretch: inherit; line-height: 1.2; font-family: \" chakra=\"\" petch\";=\"\" vertical-align:=\"\" baseline;=\"\" color:=\"\" rgb(0,=\"\" 0,=\"\" 0);=\"\" text-align:=\"\" justify;\"=\"\"><span style=\"margin: 0px; padding: 0px; border: 0px; font-variant-numeric: normal; font-variant-east-asian: normal; font-stretch: inherit; font-size: 18px; line-height: inherit; font-family: inherit; vertical-align: baseline; background-color: transparent; white-space: pre-wrap;\">Với trang bị N-Key Rollover đầy đủ (đạt 50 triệu lần nhấn), các game thủ có thể nhấn đồng thời nhiều phím, đảm bảo những tổ hợp phím chính xác, tạo nên những màn combat mãn nhãn.&nbsp;</span></p>', 'upload/notify/19/a763d4cb24d832c624d8dbf4797c7d4019.jpg', 0, 0, '2022-06-25 18:26:00'),
(20, 'LỰA CHỌN LAPTOP CHO SINH VIÊN VỪA HỌC VỪA CHƠI 2022', '<p dir=\"ltr\" style=\"margin: 0pt 0px; padding: 0px; border: 0px; font-variant-numeric: inherit; font-variant-east-asian: inherit; font-stretch: inherit; line-height: 1.38; font-family: &quot;Chakra Petch&quot;; vertical-align: baseline; color: rgb(0, 0, 0); text-align: justify;\"><span style=\"margin: 0px; padding: 0px; border: 0px; font-style: inherit; font-variant-numeric: normal; font-variant-east-asian: normal; font-stretch: inherit; font-size: 13.5pt; line-height: inherit; font-family: &quot;Chakra Petch&quot;, sans-serif; vertical-align: baseline; background-color: transparent; white-space: pre-wrap;\"><i style=\"margin: 0px; padding: 0px; border: 0px; font-variant: inherit; font-weight: inherit; font-stretch: inherit; font-size: inherit; line-height: inherit; font-family: inherit; vertical-align: baseline;\">Laptop không chỉ dùng để học tập và làm việc mà còn là công cụ giải trí hữu hiệu của các bạn học sinh, sinh viên. Cùng TNC tìm kiếm chiếc laptop chân ái dành cho bạn trong bài viết này nhé!</i></span></p><p dir=\"ltr\" style=\"margin: 0pt 0px; padding: 0px; border: 0px; font-variant-numeric: inherit; font-variant-east-asian: inherit; font-stretch: inherit; line-height: 1.38; font-family: &quot;Chakra Petch&quot;; vertical-align: baseline; color: rgb(0, 0, 0); text-align: justify;\"><span style=\"margin: 0px; padding: 0px; border: 0px; font-style: italic; font-variant-numeric: normal; font-variant-east-asian: normal; font-stretch: inherit; font-size: 13.5pt; line-height: inherit; font-family: &quot;Chakra Petch&quot;, sans-serif; vertical-align: baseline; background-color: transparent; white-space: pre-wrap;\"><br></span></p><p dir=\"ltr\" style=\"margin: 0pt 0px; padding: 0px; border: 0px; font-variant-numeric: inherit; font-variant-east-asian: inherit; font-stretch: inherit; line-height: 1.38; font-family: &quot;Chakra Petch&quot;; vertical-align: baseline; color: rgb(0, 0, 0); text-align: justify;\"><span style=\"margin: 0px; padding: 0px; border: 0px; font-style: inherit; font-variant: inherit; font-weight: 700; font-stretch: inherit; font-size: inherit; line-height: inherit; font-family: inherit; vertical-align: baseline;\"><span style=\"margin: 0px; padding: 0px; border: 0px; font-style: inherit; font-variant-numeric: normal; font-variant-east-asian: normal; font-weight: inherit; font-stretch: inherit; font-size: 13.5pt; line-height: inherit; font-family: &quot;Chakra Petch&quot;, sans-serif; vertical-align: baseline; background-color: transparent; white-space: pre-wrap;\">1. L</span><span style=\"margin: 0px; padding: 0px; border: 0px; font-style: inherit; font-variant: inherit; font-weight: inherit; font-stretch: inherit; font-size: 18.6667px; line-height: inherit; font-family: Arial; vertical-align: baseline; white-space: pre;\">APTOP GAMING LÀ GÌ?</span></span></p><p dir=\"ltr\" style=\"margin: 0pt 0px; padding: 0px; border: 0px; font-variant-numeric: inherit; font-variant-east-asian: inherit; font-stretch: inherit; line-height: 1.38; font-family: &quot;Chakra Petch&quot;; vertical-align: baseline; color: rgb(0, 0, 0); text-align: justify;\"><span style=\"margin: 0px; padding: 0px; border: 0px; font-variant-numeric: normal; font-variant-east-asian: normal; font-stretch: inherit; font-size: 13.5pt; line-height: inherit; font-family: &quot;Chakra Petch&quot;, sans-serif; vertical-align: baseline; background-color: transparent; white-space: pre-wrap;\">Laptop gaming (laptop chuyên game) là loại máy tính xách tay được thiết kế nâng cấp chuyên biệt với cấu hình mạnh mẽ, tốc độ phản hồi siêu nhanh cùng khả năng xử lý đồ họa tuyệt vời, là lựa chọn hàng đầu của các bạn sinh viên yêu game cũng như nhiều bạn designer.&nbsp;</span></p><p dir=\"ltr\" style=\"margin: 0pt 0px; padding: 0px; border: 0px; font-variant-numeric: inherit; font-variant-east-asian: inherit; font-stretch: inherit; line-height: 1.38; font-family: &quot;Chakra Petch&quot;; vertical-align: baseline; color: rgb(0, 0, 0); text-align: justify;\"><span style=\"margin: 0px; padding: 0px; border: 0px; font-variant-numeric: normal; font-variant-east-asian: normal; font-stretch: inherit; font-size: 13.5pt; line-height: inherit; font-family: &quot;Chakra Petch&quot;, sans-serif; vertical-align: baseline; background-color: transparent; white-space: pre-wrap;\">Hơn nữa, Laptop gaming cho sinh viên cũng đa dạng về giá thành giúp các bạn dễ dàng tiếp cận từ mức giá tầm trung tới cao cấp. Cực kỳ phù hợp với túi tiền của các bạn.</span></p><p dir=\"ltr\" style=\"margin: 0pt 0px; padding: 0px; border: 0px; font-variant-numeric: inherit; font-variant-east-asian: inherit; font-stretch: inherit; line-height: 1.38; font-family: &quot;Chakra Petch&quot;; vertical-align: baseline; color: rgb(0, 0, 0); text-align: justify;\"><span style=\"margin: 0px; padding: 0px; border: 0px; font-variant-numeric: normal; font-variant-east-asian: normal; font-stretch: inherit; font-size: 13.5pt; line-height: inherit; font-family: &quot;Chakra Petch&quot;, sans-serif; vertical-align: baseline; background-color: transparent; white-space: pre-wrap;\"><br></span></p><p dir=\"ltr\" style=\"margin: 0pt 0px; padding: 0px; border: 0px; font-variant-numeric: inherit; font-variant-east-asian: inherit; font-stretch: inherit; line-height: 1.38; font-family: &quot;Chakra Petch&quot;; vertical-align: baseline; color: rgb(0, 0, 0); text-align: center;\"><img src=\"https://www.tncstore.vn/image/catalog/Tin%20t%E1%BB%A9c%20website/laptop%20gaming%20sinh%20vien/laptop4.jpg\" style=\"margin: 0px; padding: 0px; border: 0px; font: inherit; width: 730px;\"></p><p dir=\"ltr\" style=\"margin: 0pt 0px; padding: 0px; border: 0px; font-variant-numeric: inherit; font-variant-east-asian: inherit; font-stretch: inherit; line-height: 1.38; font-family: &quot;Chakra Petch&quot;; vertical-align: baseline; color: rgb(0, 0, 0); text-align: center;\"><br></p><p dir=\"ltr\" style=\"margin: 0pt 0px; padding: 0px; border: 0px; font-variant-numeric: inherit; font-variant-east-asian: inherit; font-stretch: inherit; line-height: 1.38; font-family: &quot;Chakra Petch&quot;; vertical-align: baseline; color: rgb(0, 0, 0);\"><span style=\"margin: 0px; padding: 0px; border: 0px; font-style: inherit; font-variant: inherit; font-weight: 700; font-stretch: inherit; font-size: 18px; line-height: inherit; font-family: &quot;Chakra Petch&quot;, sans-serif; vertical-align: baseline; text-align: justify; white-space: pre-wrap;\">2. TIÊU CHÍ LỰA CHỌN LAPTOP GAMING CHO SINH VIÊN</span></p><p dir=\"ltr\" style=\"margin: 0pt 0px; padding: 0px; border: 0px; font-variant-numeric: inherit; font-variant-east-asian: inherit; font-stretch: inherit; line-height: 1.38; font-family: &quot;Chakra Petch&quot;; vertical-align: baseline; color: rgb(0, 0, 0);\"><br></p><p dir=\"ltr\" style=\"margin: 0pt 0px; padding: 0px; border: 0px; font-variant-numeric: inherit; font-variant-east-asian: inherit; font-stretch: inherit; line-height: 1.38; font-family: &quot;Chakra Petch&quot;; vertical-align: baseline; color: rgb(0, 0, 0); text-align: justify;\"><span style=\"margin: 0px; padding: 0px; border: 0px; font-variant-numeric: normal; font-variant-east-asian: normal; font-weight: 700; font-stretch: inherit; font-size: 13.5pt; line-height: inherit; font-family: &quot;Chakra Petch&quot;, sans-serif; vertical-align: baseline; background-color: transparent; white-space: pre-wrap;\">Giá thành hợp lý</span></p><p dir=\"ltr\" style=\"margin: 0pt 0px; padding: 0px; border: 0px; font-variant-numeric: inherit; font-variant-east-asian: inherit; font-stretch: inherit; line-height: 1.38; font-family: &quot;Chakra Petch&quot;; vertical-align: baseline; color: rgb(0, 0, 0); text-align: justify;\"><span style=\"margin: 0px; padding: 0px; border: 0px; font-variant-numeric: normal; font-variant-east-asian: normal; font-stretch: inherit; font-size: 13.5pt; line-height: inherit; font-family: &quot;Chakra Petch&quot;, sans-serif; vertical-align: baseline; background-color: transparent; white-space: pre-wrap;\">Yếu tố khiến các bạn sinh viên khó thể tiếp cận những dòng laptop gaming đó chính là giá thành. Dòng laptop gaming đỉnh cao có giá lên đến vài chục triệu, thậm chí là cả trăm triệu, là một thử thách không thể vượt qua của đại đa số các bạn sinh viên. </span><span style=\"margin: 0px; padding: 0px; border: 0px; font-style: inherit; font-variant: inherit; font-weight: inherit; font-stretch: inherit; font-size: 13.5pt; line-height: inherit; font-family: &quot;Chakra Petch&quot;, sans-serif; vertical-align: baseline; background-color: transparent; white-space: pre-wrap;\">Thông thường, một chiếc laptop gaming sinh viên có hiệu năng ổn định sẽ có giá dao động khoảng từ 15 triệu để đáp ứng tốt nhu cầu của các gen Z mà vẫn vừa túi tiền.</span></p><p dir=\"ltr\" style=\"margin: 0pt 0px; padding: 0px; border: 0px; font-variant-numeric: inherit; font-variant-east-asian: inherit; font-stretch: inherit; line-height: 1.38; font-family: &quot;Chakra Petch&quot;; vertical-align: baseline; color: rgb(0, 0, 0); text-align: justify;\"><span style=\"margin: 0px; padding: 0px; border: 0px; font-style: inherit; font-variant: inherit; font-weight: inherit; font-stretch: inherit; font-size: 13.5pt; line-height: inherit; font-family: &quot;Chakra Petch&quot;, sans-serif; vertical-align: baseline; background-color: transparent; white-space: pre-wrap;\"><br></span></p><p dir=\"ltr\" style=\"margin: 0pt 0px; padding: 0pt 0pt 8pt; border: 0px; font-variant-numeric: inherit; font-variant-east-asian: inherit; font-stretch: inherit; line-height: 1.38; font-family: &quot;Chakra Petch&quot;; vertical-align: baseline; color: rgb(0, 0, 0); text-align: justify;\"><span style=\"margin: 0px; padding: 0px; border: 0px; font-variant-numeric: normal; font-variant-east-asian: normal; font-weight: 700; font-stretch: inherit; font-size: 13.5pt; line-height: inherit; font-family: &quot;Chakra Petch&quot;, sans-serif; vertical-align: baseline; background-color: transparent; white-space: pre-wrap;\">Thiết kế mỏng nhẹ, hiện đại</span></p><p dir=\"ltr\" style=\"margin: 0pt 0px; padding: 0px; border: 0px; font-variant-numeric: inherit; font-variant-east-asian: inherit; font-stretch: inherit; line-height: 1.38; font-family: &quot;Chakra Petch&quot;; vertical-align: baseline; color: rgb(0, 0, 0); text-align: justify;\"><span style=\"margin: 0px; padding: 0px; border: 0px; font-variant-numeric: normal; font-variant-east-asian: normal; font-stretch: inherit; font-size: 13.5pt; line-height: inherit; font-family: &quot;Chakra Petch&quot;, sans-serif; vertical-align: baseline; background-color: transparent; white-space: pre-wrap;\">Những chiếc Laptop Gaming ngày nay thường có thiết kế hiện đại, trẻ trung, năng động đúng chất gaming và có đôi chút hầm hố.&nbsp;</span></p><p dir=\"ltr\" style=\"margin: 0pt 0px; padding: 0px; border: 0px; font-variant-numeric: inherit; font-variant-east-asian: inherit; font-stretch: inherit; line-height: 1.38; font-family: &quot;Chakra Petch&quot;; vertical-align: baseline; color: rgb(0, 0, 0); text-align: justify;\"><span style=\"margin: 0px; padding: 0px; border: 0px; font-variant-numeric: normal; font-variant-east-asian: normal; font-stretch: inherit; font-size: 13.5pt; line-height: inherit; font-family: &quot;Chakra Petch&quot;, sans-serif; vertical-align: baseline; background-color: transparent; white-space: pre-wrap;\">Đối với các dòng laptop gaming cho sinh viên thì kích thước, độ dày, trọng lượng đã giảm đáng kể nhờ công nghệ CPU và GPU đời mới nhất, đáp ứng tính linh động, nhỏ gọn để thuận tiện mang theo mọi nơi.</span></p><p dir=\"ltr\" style=\"margin: 0pt 0px; padding: 0px; border: 0px; font-variant-numeric: inherit; font-variant-east-asian: inherit; font-stretch: inherit; line-height: 1.38; font-family: &quot;Chakra Petch&quot;; vertical-align: baseline; color: rgb(0, 0, 0); text-align: justify;\"><span style=\"margin: 0px; padding: 0px; border: 0px; font-variant-numeric: normal; font-variant-east-asian: normal; font-stretch: inherit; font-size: 13.5pt; line-height: inherit; font-family: &quot;Chakra Petch&quot;, sans-serif; vertical-align: baseline; background-color: transparent; white-space: pre-wrap;\"><br></span></p><p dir=\"ltr\" style=\"margin: 0pt 0px; padding: 0px; border: 0px; font-variant-numeric: inherit; font-variant-east-asian: inherit; font-stretch: inherit; line-height: 1.38; font-family: &quot;Chakra Petch&quot;; vertical-align: baseline; color: rgb(0, 0, 0); text-align: center;\"><img src=\"https://www.tncstore.vn/image/catalog/Tin%20t%E1%BB%A9c%20website/laptop%20gaming%20sinh%20vien/laptop2.jpg\" style=\"margin: 0px; padding: 0px; border: 0px; font: inherit; width: 730px;\"><span style=\"margin: 0px; padding: 0px; border: 0px; font-variant-numeric: normal; font-variant-east-asian: normal; font-stretch: inherit; font-size: 13.5pt; line-height: inherit; font-family: &quot;Chakra Petch&quot;, sans-serif; vertical-align: baseline; background-color: transparent; white-space: pre-wrap;\"><br></span></p><p dir=\"ltr\" style=\"margin: 0pt 0px; padding: 0px; border: 0px; font-variant-numeric: inherit; font-variant-east-asian: inherit; font-stretch: inherit; line-height: 1.38; font-family: &quot;Chakra Petch&quot;; vertical-align: baseline; color: rgb(0, 0, 0); text-align: center;\"><span style=\"margin: 0px; padding: 0px; border: 0px; font-variant-numeric: normal; font-variant-east-asian: normal; font-stretch: inherit; font-size: 13.5pt; line-height: inherit; font-family: &quot;Chakra Petch&quot;, sans-serif; vertical-align: baseline; background-color: transparent; white-space: pre-wrap;\"><br></span></p><p dir=\"ltr\" style=\"margin: 0pt 0px; padding: 0px; border: 0px; font-variant-numeric: inherit; font-variant-east-asian: inherit; font-stretch: inherit; line-height: 1.38; font-family: &quot;Chakra Petch&quot;; vertical-align: baseline; color: rgb(0, 0, 0); text-align: justify;\"><span style=\"margin: 0px; padding: 0px; border: 0px; font-variant-numeric: normal; font-variant-east-asian: normal; font-weight: 700; font-stretch: inherit; font-size: 13.5pt; line-height: inherit; font-family: &quot;Chakra Petch&quot;, sans-serif; vertical-align: baseline; background-color: transparent; white-space: pre-wrap;\">Cấu hình mạnh mẽ</span></p><p dir=\"ltr\" style=\"margin: 0pt 0px; padding: 0px; border: 0px; font-variant-numeric: inherit; font-variant-east-asian: inherit; font-stretch: inherit; line-height: 1.38; font-family: &quot;Chakra Petch&quot;; vertical-align: baseline; color: rgb(0, 0, 0); text-align: justify;\"><span style=\"margin: 0px; padding: 0px; border: 0px; font-variant-numeric: normal; font-variant-east-asian: normal; font-stretch: inherit; font-size: 13.5pt; line-height: inherit; font-family: &quot;Chakra Petch&quot;, sans-serif; vertical-align: baseline; background-color: transparent; white-space: pre-wrap;\">- </span><span style=\"margin: 0px; padding: 0px; border: 0px; font-variant-numeric: normal; font-variant-east-asian: normal; font-weight: inherit; font-stretch: inherit; font-size: 13.5pt; line-height: inherit; font-family: &quot;Chakra Petch&quot;, sans-serif; vertical-align: baseline; background-color: transparent; white-space: pre-wrap;\"><span style=\"margin: 0px; padding: 0px; border: 0px; font-style: inherit; font-variant: inherit; font-weight: 700; font-stretch: inherit; font-size: inherit; line-height: inherit; font-family: inherit; vertical-align: baseline;\">CPU</span></span><span style=\"margin: 0px; padding: 0px; border: 0px; font-variant-numeric: normal; font-variant-east-asian: normal; font-weight: inherit; font-stretch: inherit; font-size: 13.5pt; line-height: inherit; font-family: &quot;Chakra Petch&quot;, sans-serif; vertical-align: baseline; background-color: transparent; white-space: pre-wrap;\"><span style=\"margin: 0px; padding: 0px; border: 0px; font-style: inherit; font-variant: inherit; font-weight: 700; font-stretch: inherit; font-size: inherit; line-height: inherit; font-family: inherit; vertical-align: baseline;\">:</span></span><span style=\"margin: 0px; padding: 0px; border: 0px; font-variant-numeric: normal; font-variant-east-asian: normal; font-stretch: inherit; font-size: 13.5pt; line-height: inherit; font-family: &quot;Chakra Petch&quot;, sans-serif; vertical-align: baseline; background-color: transparent; white-space: pre-wrap;\"> TNC khuyến khích các bạn lựa chọn laptop sử dụng </span><span style=\"margin: 0px; padding: 0px; border: 0px; font-variant-numeric: normal; font-variant-east-asian: normal; font-weight: inherit; font-stretch: inherit; font-size: 13.5pt; line-height: inherit; font-family: &quot;Chakra Petch&quot;, sans-serif; vertical-align: baseline; background-color: transparent; white-space: pre-wrap;\"><span style=\"margin: 0px; padding: 0px; border: 0px; font-style: inherit; font-variant: inherit; font-weight: 700; font-stretch: inherit; font-size: inherit; line-height: inherit; font-family: inherit; vertical-align: baseline;\">Core i7</span></span><span style=\"margin: 0px; padding: 0px; border: 0px; font-variant-numeric: normal; font-variant-east-asian: normal; font-stretch: inherit; font-size: 13.5pt; line-height: inherit; font-family: &quot;Chakra Petch&quot;, sans-serif; vertical-align: baseline; background-color: transparent; white-space: pre-wrap;\"> với xung nhịp lớn, cache bộ nhớ đệm khủng. Thấp hơn một chút bạn có thể lựa chọn Core i5, giá thành rẻ hơn nhưng hiệu năng cũng khá ổn định.</span></p><p dir=\"ltr\" style=\"margin: 0pt 0px; padding: 0px; border: 0px; font-variant-numeric: inherit; font-variant-east-asian: inherit; font-stretch: inherit; line-height: 1.38; font-family: &quot;Chakra Petch&quot;; vertical-align: baseline; color: rgb(0, 0, 0); text-align: justify;\"><span style=\"margin: 0px; padding: 0px; border: 0px; font-variant-numeric: normal; font-variant-east-asian: normal; font-stretch: inherit; font-size: 13.5pt; line-height: inherit; font-family: &quot;Chakra Petch&quot;, sans-serif; vertical-align: baseline; background-color: transparent; white-space: pre-wrap;\">- </span><span style=\"margin: 0px; padding: 0px; border: 0px; font-variant-numeric: normal; font-variant-east-asian: normal; font-weight: inherit; font-stretch: inherit; font-size: 13.5pt; line-height: inherit; font-family: &quot;Chakra Petch&quot;, sans-serif; vertical-align: baseline; background-color: transparent; white-space: pre-wrap;\"><span style=\"margin: 0px; padding: 0px; border: 0px; font-style: inherit; font-variant: inherit; font-weight: 700; font-stretch: inherit; font-size: inherit; line-height: inherit; font-family: inherit; vertical-align: baseline;\">GPU</span></span><span style=\"margin: 0px; padding: 0px; border: 0px; font-variant-numeric: normal; font-variant-east-asian: normal; font-weight: inherit; font-stretch: inherit; font-size: 13.5pt; line-height: inherit; font-family: &quot;Chakra Petch&quot;, sans-serif; vertical-align: baseline; background-color: transparent; white-space: pre-wrap;\"><span style=\"margin: 0px; padding: 0px; border: 0px; font-style: inherit; font-variant: inherit; font-weight: 700; font-stretch: inherit; font-size: inherit; line-height: inherit; font-family: inherit; vertical-align: baseline;\"> (Card đồ họa rời)</span></span><span style=\"margin: 0px; padding: 0px; border: 0px; font-variant-numeric: normal; font-variant-east-asian: normal; font-weight: inherit; font-stretch: inherit; font-size: 13.5pt; line-height: inherit; font-family: &quot;Chakra Petch&quot;, sans-serif; vertical-align: baseline; background-color: transparent; white-space: pre-wrap;\"><span style=\"margin: 0px; padding: 0px; border: 0px; font-style: inherit; font-variant: inherit; font-weight: 700; font-stretch: inherit; font-size: inherit; line-height: inherit; font-family: inherit; vertical-align: baseline;\">:</span></span><span style=\"margin: 0px; padding: 0px; border: 0px; font-variant-numeric: normal; font-variant-east-asian: normal; font-stretch: inherit; font-size: 13.5pt; line-height: inherit; font-family: &quot;Chakra Petch&quot;, sans-serif; vertical-align: baseline; background-color: transparent; white-space: pre-wrap;\"> Yếu tố quan trọng </span><span style=\"margin: 0px; padding: 0px; border: 0px; font-style: inherit; font-variant: inherit; font-weight: inherit; font-stretch: inherit; font-size: 18px; line-height: inherit; font-family: &quot;Chakra Petch&quot;, sans-serif; vertical-align: baseline; white-space: pre-wrap;\">trên các Laptop gaming phân khúc cao cấp, xử lý đồ họa chuyên biệt,</span><span style=\"margin: 0px; padding: 0px; border: 0px; font-style: inherit; font-variant: inherit; font-weight: inherit; font-stretch: inherit; font-size: 13.5pt; line-height: inherit; font-family: &quot;Chakra Petch&quot;, sans-serif; vertical-align: baseline; background-color: transparent; white-space: pre-wrap;\"> chơi game mượt mà hơn. C</span><span style=\"margin: 0px; padding: 0px; border: 0px; font-style: inherit; font-variant: inherit; font-weight: inherit; font-stretch: inherit; font-size: 13.5pt; line-height: inherit; font-family: &quot;Chakra Petch&quot;, sans-serif; vertical-align: baseline; background-color: transparent; white-space: pre-wrap;\">hiếc card đồ họa rời trên Laptop gaming có thể tháo rời, nâng cấp thay thế - điều mà các laptop thông thường không thể làm được.</span></p><p dir=\"ltr\" style=\"margin: 0pt 0px; padding: 0px; border: 0px; font-variant-numeric: inherit; font-variant-east-asian: inherit; font-stretch: inherit; line-height: 1.38; font-family: &quot;Chakra Petch&quot;; vertical-align: baseline; color: rgb(0, 0, 0); text-align: justify;\"><span style=\"margin: 0px; padding: 0px; border: 0px; font-variant-numeric: normal; font-variant-east-asian: normal; font-stretch: inherit; font-size: 13.5pt; line-height: inherit; font-family: &quot;Chakra Petch&quot;, sans-serif; vertical-align: baseline; background-color: transparent; white-space: pre-wrap;\">- </span><span style=\"margin: 0px; padding: 0px; border: 0px; font-variant-numeric: normal; font-variant-east-asian: normal; font-weight: inherit; font-stretch: inherit; font-size: 13.5pt; line-height: inherit; font-family: &quot;Chakra Petch&quot;, sans-serif; vertical-align: baseline; background-color: transparent; white-space: pre-wrap;\"><span style=\"margin: 0px; padding: 0px; border: 0px; font-style: inherit; font-variant: inherit; font-weight: 700; font-stretch: inherit; font-size: inherit; line-height: inherit; font-family: inherit; vertical-align: baseline;\">RAM</span></span><span style=\"margin: 0px; padding: 0px; border: 0px; font-variant-numeric: normal; font-variant-east-asian: normal; font-weight: inherit; font-stretch: inherit; font-size: 13.5pt; line-height: inherit; font-family: &quot;Chakra Petch&quot;, sans-serif; vertical-align: baseline; background-color: transparent; white-space: pre-wrap;\"><span style=\"margin: 0px; padding: 0px; border: 0px; font-style: inherit; font-variant: inherit; font-weight: 700; font-stretch: inherit; font-size: inherit; line-height: inherit; font-family: inherit; vertical-align: baseline;\">:</span></span><span style=\"margin: 0px; padding: 0px; border: 0px; font-variant-numeric: normal; font-variant-east-asian: normal; font-stretch: inherit; font-size: 13.5pt; line-height: inherit; font-family: &quot;Chakra Petch&quot;, sans-serif; vertical-align: baseline; background-color: transparent; white-space: pre-wrap;\"> Bộ nhớ trong của máy có dung lượng lớn (ít nhất là </span><span style=\"margin: 0px; padding: 0px; border: 0px; font-variant-numeric: normal; font-variant-east-asian: normal; font-weight: inherit; font-stretch: inherit; font-size: 13.5pt; line-height: inherit; font-family: &quot;Chakra Petch&quot;, sans-serif; vertical-align: baseline; background-color: transparent; white-space: pre-wrap;\"><span style=\"margin: 0px; padding: 0px; border: 0px; font-style: inherit; font-variant: inherit; font-weight: 700; font-stretch: inherit; font-size: inherit; line-height: inherit; font-family: inherit; vertical-align: baseline;\">8 GB</span></span><span style=\"margin: 0px; padding: 0px; border: 0px; font-variant-numeric: normal; font-variant-east-asian: normal; font-stretch: inherit; font-size: 13.5pt; line-height: inherit; font-family: &quot;Chakra Petch&quot;, sans-serif; vertical-align: baseline; background-color: transparent; white-space: pre-wrap;\">) để đáp ứng nhu cầu load game nặng, và chạy đa nhiệm nhiều chương trình cùng một thời điểm.&nbsp;</span></p><p dir=\"ltr\" style=\"margin: 0pt 0px; padding: 0px; border: 0px; font-variant-numeric: inherit; font-variant-east-asian: inherit; font-stretch: inherit; line-height: 1.38; font-family: &quot;Chakra Petch&quot;; vertical-align: baseline; color: rgb(0, 0, 0); text-align: justify;\"><span style=\"margin: 0px; padding: 0px; border: 0px; font-variant-numeric: normal; font-variant-east-asian: normal; font-stretch: inherit; font-size: 13.5pt; line-height: inherit; font-family: &quot;Chakra Petch&quot;, sans-serif; vertical-align: baseline; background-color: transparent; white-space: pre-wrap;\">- </span><span style=\"margin: 0px; padding: 0px; border: 0px; font-variant-numeric: normal; font-variant-east-asian: normal; font-weight: inherit; font-stretch: inherit; font-size: 13.5pt; line-height: inherit; font-family: &quot;Chakra Petch&quot;, sans-serif; vertical-align: baseline; background-color: transparent; white-space: pre-wrap;\"><span style=\"margin: 0px; padding: 0px; border: 0px; font-style: inherit; font-variant: inherit; font-weight: 700; font-stretch: inherit; font-size: inherit; line-height: inherit; font-family: inherit; vertical-align: baseline;\">Ổ cứng lưu trữ: </span></span><span style=\"margin: 0px; padding: 0px; border: 0px; font-variant-numeric: normal; font-variant-east-asian: normal; font-stretch: inherit; font-size: 13.5pt; line-height: inherit; font-family: &quot;Chakra Petch&quot;, sans-serif; vertical-align: baseline; background-color: transparent; white-space: pre-wrap;\">Laptop chơi game cần có dung lượng lớn khoảng </span><span style=\"margin: 0px; padding: 0px; border: 0px; font-variant-numeric: normal; font-variant-east-asian: normal; font-weight: inherit; font-stretch: inherit; font-size: 13.5pt; line-height: inherit; font-family: &quot;Chakra Petch&quot;, sans-serif; vertical-align: baseline; background-color: transparent; white-space: pre-wrap;\"><span style=\"margin: 0px; padding: 0px; border: 0px; font-style: inherit; font-variant: inherit; font-weight: 700; font-stretch: inherit; font-size: inherit; line-height: inherit; font-family: inherit; vertical-align: baseline;\">512GB</span></span><span style=\"margin: 0px; padding: 0px; border: 0px; font-variant-numeric: normal; font-variant-east-asian: normal; font-stretch: inherit; font-size: 13.5pt; line-height: inherit; font-family: &quot;Chakra Petch&quot;, sans-serif; vertical-align: baseline; background-color: transparent; white-space: pre-wrap;\"> có thể lắp nhiều ổ cứng trên một máy.</span></p>', 'upload/notify/20/7659d631a7390089ccd7e2bd1e74038020.png', 0, 0, '2022-06-25 18:29:59'),
(21, 'AMD, Nvidia và Intel đồng loạt lộ ngày ra mắt sản phẩm mới!', '<p dir=\"ltr\" style=\"margin: 12pt 0px; padding: 0px; border: 0px; font-variant-numeric: inherit; font-variant-east-asian: inherit; font-stretch: inherit; line-height: 1.38; font-family: &quot;Chakra Petch&quot;; vertical-align: baseline; color: rgb(0, 0, 0);\"><font face=\"Chakra Petch\"><span style=\"margin: 0px; padding: 0px; border: 0px; font-style: inherit; font-variant: inherit; font-weight: inherit; font-stretch: inherit; font-size: 18px; line-height: inherit; font-family: inherit; vertical-align: baseline; background-color: transparent; white-space: pre-wrap;\"><i style=\"margin: 0px; padding: 0px; border: 0px; font-variant: inherit; font-weight: inherit; font-stretch: inherit; font-size: inherit; line-height: inherit; font-family: inherit; vertical-align: baseline;\">Không còn nghi ngờ gì nữa, vài tháng tới sẽ là khoảng thời gian vô cùng sôi động của ngành công nghiệp phần cứng PC. Hàng loạt những sản phẩm mới đang được các ông lớn chuẩn bị tung ra thị trường. Và mới đây, ngày ra mắt những sản phẩm chủ lực của cả <span style=\"margin: 0px; padding: 0px; border: 0px; font-style: inherit; font-variant: inherit; font-weight: 700; font-stretch: inherit; font-size: inherit; line-height: inherit; font-family: inherit; vertical-align: baseline;\">AMD</span>, <span style=\"margin: 0px; padding: 0px; border: 0px; font-style: inherit; font-variant: inherit; font-weight: 700; font-stretch: inherit; font-size: inherit; line-height: inherit; font-family: inherit; vertical-align: baseline;\">Nvidia</span> và <span style=\"margin: 0px; padding: 0px; border: 0px; font-style: inherit; font-variant: inherit; font-weight: 700; font-stretch: inherit; font-size: inherit; line-height: inherit; font-family: inherit; vertical-align: baseline;\">Intel </span>đã đồng loạt được hé lộ.</i></span></font></p><p dir=\"ltr\" style=\"margin: 12pt 0px; padding: 0px; border: 0px; font-variant-numeric: inherit; font-variant-east-asian: inherit; font-stretch: inherit; line-height: 1.38; font-family: &quot;Chakra Petch&quot;; vertical-align: baseline; color: rgb(0, 0, 0);\"></p><div style=\"margin: 0px; padding: 0px; border: 0px; font-variant-numeric: inherit; font-variant-east-asian: inherit; font-stretch: inherit; line-height: inherit; font-family: &quot;Chakra Petch&quot;; vertical-align: baseline; color: rgb(0, 0, 0); text-align: center;\"><img src=\"https://www.tncstore.vn/image/catalog/Tin%20t%E1%BB%A9c%20website/AMD,%20Nvidia/1.png\" style=\"margin: 0px; padding: 0px; border: 0px; font: inherit; width: 730px;\"></div><p dir=\"ltr\" style=\"margin-top: 0pt; margin-bottom: 0pt; padding: 0px; border: 0px; font-variant-numeric: inherit; font-variant-east-asian: inherit; font-stretch: inherit; line-height: 1.38; font-family: \" chakra=\"\" petch\";=\"\" vertical-align:=\"\" baseline;=\"\" color:=\"\" rgb(0,=\"\" 0,=\"\" 0);=\"\" text-align:=\"\" justify;\"=\"\"><font face=\"Chakra Petch\" style=\"color: rgb(0, 0, 0); font-family: &quot;Chakra Petch&quot;;\"><br></font></p><p style=\"margin-right: 0px; margin-bottom: 10px; margin-left: 0px; padding: 0px; border: 0px; font-variant-numeric: inherit; font-variant-east-asian: inherit; font-stretch: inherit; line-height: inherit; font-family: &quot;Chakra Petch&quot;; vertical-align: baseline; color: rgb(0, 0, 0);\"></p><p dir=\"ltr\" style=\"margin: 12pt 0px; padding: 0px; border: 0px; font-variant-numeric: inherit; font-variant-east-asian: inherit; font-stretch: inherit; line-height: 1.38; font-family: &quot;Chakra Petch&quot;; vertical-align: baseline; color: rgb(0, 0, 0);\"><span style=\"margin: 0px; padding: 0px; border: 0px; font-variant-numeric: normal; font-variant-east-asian: normal; font-weight: inherit; font-stretch: inherit; font-size: 18px; line-height: inherit; font-family: inherit; vertical-align: baseline; background-color: transparent; white-space: pre-wrap;\">Mới đây, <span style=\"margin: 0px; padding: 0px; border: 0px; font-style: inherit; font-variant: inherit; font-weight: 700; font-stretch: inherit; font-size: inherit; line-height: inherit; font-family: inherit; vertical-align: baseline;\">leaker</span> nổi tiếng trên Twitter là <span style=\"margin: 0px; padding: 0px; border: 0px; font-style: inherit; font-variant: inherit; font-weight: 700; font-stretch: inherit; font-size: inherit; line-height: inherit; font-family: inherit; vertical-align: baseline;\">Greymon55</span> đã bất ngờ tiết lộ ngày ra mắt của cả <span style=\"margin: 0px; padding: 0px; border: 0px; font-style: inherit; font-variant: inherit; font-weight: 700; font-stretch: inherit; font-size: inherit; line-height: inherit; font-family: inherit; vertical-align: baseline;\">AMD Ryzen 7000 series</span>, <span style=\"margin: 0px; padding: 0px; border: 0px; font-style: inherit; font-variant: inherit; font-weight: 700; font-stretch: inherit; font-size: inherit; line-height: inherit; font-family: inherit; vertical-align: baseline;\">AMD RDNA 3</span>, <span style=\"margin: 0px; padding: 0px; border: 0px; font-style: inherit; font-variant: inherit; font-weight: 700; font-stretch: inherit; font-size: inherit; line-height: inherit; font-family: inherit; vertical-align: baseline;\">Intel Raptor Lake </span>và <span style=\"margin: 0px; padding: 0px; border: 0px; font-style: inherit; font-variant: inherit; font-weight: 700; font-stretch: inherit; font-size: inherit; line-height: inherit; font-family: inherit; vertical-align: baseline;\">Nvidia RTX 4000 series</span>. Đây đều là những cái tên đình đám và dành được sự chú ý bậc nhất của các tín đồ <span style=\"margin: 0px; padding: 0px; border: 0px; font-style: inherit; font-variant: inherit; font-weight: 700; font-stretch: inherit; font-size: inherit; line-height: inherit; font-family: inherit; vertical-align: baseline;\">PC</span>. Ngược lại, Greymon55 cũng được biết đến là một leaker chuyên tiết lộ những thông tin chính xác về ngày phát hành cũng như thông số kỹ thuật của các sản phẩm phần cứng PC. Vì vậy, dư luận đang rất háo hức về những thông tin nóng hổi mà tài khoản này mang lại.</span></p><p dir=\"ltr\" style=\"margin: 12pt 0px; padding: 0px; border: 0px; font-variant-numeric: inherit; font-variant-east-asian: inherit; font-stretch: inherit; line-height: 1.38; font-family: &quot;Chakra Petch&quot;; vertical-align: baseline; color: rgb(0, 0, 0); text-align: center;\"><img src=\"https://www.tncstore.vn/image/catalog/Tin%20t%E1%BB%A9c%20website/AMD,%20Nvidia/4.png\" style=\"margin: 0px; padding: 0px; border: 0px; font: inherit; width: 730px;\"><span style=\"margin: 0px; padding: 0px; border: 0px; font-variant-numeric: normal; font-variant-east-asian: normal; font-weight: inherit; font-stretch: inherit; font-size: 18px; line-height: inherit; font-family: inherit; vertical-align: baseline; background-color: transparent; white-space: pre-wrap;\"><br></span></p><p dir=\"ltr\" style=\"margin: 12pt 0px; padding: 0px; border: 0px; font-variant-numeric: inherit; font-variant-east-asian: inherit; font-stretch: inherit; line-height: 1.38; font-family: &quot;Chakra Petch&quot;; vertical-align: baseline; color: rgb(0, 0, 0);\"><span style=\"margin: 0px; padding: 0px; border: 0px; font-variant-numeric: normal; font-variant-east-asian: normal; font-weight: inherit; font-stretch: inherit; font-size: 18px; line-height: inherit; font-family: inherit; vertical-align: baseline; background-color: transparent; white-space: pre-wrap;\">Cụ thể, bộ vi xử lý AMD Ryzen 7000 với tên gọi Raphael sẽ được công bố vào tháng 8 và phát hành vào tháng 9 năm nay. Khung thời gian này cũng phù hợp với những dự đoán trước đó về <span style=\"margin: 0px; padding: 0px; border: 0px; font-style: inherit; font-variant: inherit; font-weight: 700; font-stretch: inherit; font-size: inherit; line-height: inherit; font-family: inherit; vertical-align: baseline;\">CPU</span> mới của đội Đỏ. Mặc dù đã có những tin đồn cho rằng AMD muốn trì hoãn ngày ra mắt của Ryzen 7000, tuy nhiên kể cả trong viễn cảnh tệ nhất thì ngày ra mắt dự kiến của Ryzen 7000 vẫn là tháng 9 năm nay.</span></p>', 'upload/notify/21/4a05d7ced4712e004e73c4b94e16382d21.png', 0, 0, '2022-06-25 18:29:59'),
(22, 'a', '<p><br></p>', '1', 1, 0, '2022-07-10 22:15:11');

-- --------------------------------------------------------

--
-- Table structure for table `orders`
--

DROP TABLE IF EXISTS `orders`;
CREATE TABLE IF NOT EXISTS `orders` (
  `id` int(11) NOT NULL AUTO_INCREMENT COMMENT 'Khoá chính tăng tự động dùng để phân biệt các dòng',
  `orders_code` varchar(255) CHARACTER SET utf8 COLLATE utf8_unicode_ci NOT NULL COMMENT 'Mã đơn hàng',
  `customer_id` int(11) DEFAULT NULL COMMENT 'Khoá ngoại tham chieu bang user cot  id',
  `shipper_id` int(11) DEFAULT NULL COMMENT 'Khoá ngoại tham chiếu khoá chính user côt id (là shipper giao hàng)',
  `total` int(11) NOT NULL COMMENT 'Tổng tiên thanh toán',
  `payment_status_id` int(11) NOT NULL DEFAULT '3' COMMENT 'Tình trạng thanh toán cập nhật mới nhất',
  `delivery_status_id` int(11) NOT NULL DEFAULT '1' COMMENT 'Trạng thái giao hàng cập nhật mới nhất',
  `payment_method_id` int(11) NOT NULL DEFAULT '3' COMMENT 'Khoá ngoại tham chiếu khoá chính bảng payment_method cột id (là phương thức thanh toán momo,vietcombank,...)',
  `address` varchar(255) CHARACTER SET utf8 COLLATE utf8_unicode_ci NOT NULL COMMENT 'Địa chỉ giao hàng',
  `delivery_date` date DEFAULT NULL COMMENT 'thời gian bắt đầu giao hàng (đơn hàng admin đăng ký cho shipper giao hàng)',
  `delivery_complete_date` datetime DEFAULT NULL COMMENT 'thời gian đơn hàng hoàn tất (có trạng thái là "Hoàn tất đơn hàng")',
  `is_cancel` int(11) NOT NULL DEFAULT '0' COMMENT 'đơn hàng đã bị huỷ',
  `created_at` datetime NOT NULL DEFAULT CURRENT_TIMESTAMP COMMENT 'Thời điểm dòng dữ liệu này insert vào bảng',
  `note` varchar(255) CHARACTER SET utf8 COLLATE utf8_unicode_ci DEFAULT NULL COMMENT 'Ghi chú thông tin bổ sung thêm đơn hàng (phần ghi chú của khách hàng)',
  PRIMARY KEY (`id`),
  KEY `payment_method_id` (`payment_method_id`),
  KEY `shipper_id` (`shipper_id`),
  KEY `delivery_status_id` (`delivery_status_id`),
  KEY `payment_status_id` (`payment_status_id`),
  KEY `customer_id` (`customer_id`)
) ENGINE=InnoDB AUTO_INCREMENT=19 DEFAULT CHARSET=utf8 COLLATE=utf8_unicode_ci;

--
-- Dumping data for table `orders`
--

INSERT INTO `orders` (`id`, `orders_code`, `customer_id`, `shipper_id`, `total`, `payment_status_id`, `delivery_status_id`, `payment_method_id`, `address`, `delivery_date`, `delivery_complete_date`, `is_cancel`, `created_at`, `note`) VALUES
(7, '62d800076741f7', 245, NULL, 10542000, 1, 1, 3, '38 đường 101 phường An Lợi Đông TP Thủ đức', NULL, NULL, 0, '2022-07-20 20:15:51', ''),
(8, '62d8091ac4cbf8', 246, NULL, 10542000, 3, 1, 3, '38 đường 102 phương Thạnh Mỹ Lợi', NULL, NULL, 1, '2022-07-20 20:54:34', ''),
(9, '62d80b91a46f49', 246, NULL, 10542000, 3, 1, 3, '38 đường 102 phương Thạnh Mỹ Lợi', NULL, NULL, 1, '2022-07-20 21:05:05', ''),
(10, '62d80dac6524210', 246, 215, 10542000, 1, 7, 3, '38 đường 102 phương Thạnh Mỹ Lợi', '2022-07-30', '2022-07-21 03:11:42', 0, '2022-07-20 21:14:04', 'aaaa'),
(11, '62d8bb0ba838511', 218, NULL, 46508000, 3, 1, 3, 'Quận 7', NULL, NULL, 0, '2022-07-21 09:33:47', ''),
(12, '62d8bb7405fff12', 218, 231, 77625000, 1, 2, 3, 'Quận 7', '2022-07-29', NULL, 0, '2022-07-21 09:35:32', 'Giao hàng nhanh nha bạn'),
(13, '62d8c070e9a8713', 218, NULL, 112190000, 3, 1, 3, 'Quận 6', NULL, NULL, 0, '2022-07-21 09:56:48', 'giao hàng nhanh á'),
(14, '62d8c132ebb9314', 218, NULL, 56541000, 3, 1, 3, 'Quận 6', NULL, NULL, 0, '2022-07-21 10:00:02', 'giao hàng tốc độ á'),
(15, '62d8c143e8c1d15', 218, NULL, 10542000, 3, 1, 3, 'Quận 6', NULL, NULL, 0, '2022-07-21 10:00:19', ''),
(16, '62d8c17559ffe16', 218, NULL, 10542000, 1, 1, 3, 'Quận 6', NULL, NULL, 0, '2022-07-21 10:01:09', ''),
(17, '62d8c1ae81d6a17', 218, NULL, 10542000, 2, 1, 4, 'Quận 6', NULL, NULL, 0, '2022-07-21 10:02:06', 'Giao hàng nhanh vào buổi chiều'),
(18, '62d8c1b084a3118', 218, 215, 10542000, 1, 2, 4, 'Quận 6', '2022-07-30', NULL, 0, '2022-07-21 10:02:08', 'Giao hàng nhanh vào buổi chiều');

-- --------------------------------------------------------

--
-- Table structure for table `orders_delivery_status`
--

DROP TABLE IF EXISTS `orders_delivery_status`;
CREATE TABLE IF NOT EXISTS `orders_delivery_status` (
  `id` int(11) NOT NULL AUTO_INCREMENT,
  `order_id` int(11) NOT NULL,
  `delivery_status_id` int(11) NOT NULL,
  `reason` varchar(255) COLLATE utf8_unicode_ci DEFAULT NULL,
  `created_at` datetime NOT NULL DEFAULT CURRENT_TIMESTAMP,
  PRIMARY KEY (`id`),
  KEY `order_id` (`order_id`),
  KEY `delivery_status_id` (`delivery_status_id`)
) ENGINE=InnoDB AUTO_INCREMENT=29 DEFAULT CHARSET=utf8 COLLATE=utf8_unicode_ci COMMENT='Luoc su giao hang';

--
-- Dumping data for table `orders_delivery_status`
--

INSERT INTO `orders_delivery_status` (`id`, `order_id`, `delivery_status_id`, `reason`, `created_at`) VALUES
(22, 10, 2, 'Đơn hàng đã được chuyển cho shipper giao hàng ở trạng thái đã xác nhận', '2022-07-21 00:00:38'),
(23, 18, 2, 'Đơn hàng đã được chuyển cho shipper giao hàng ở trạng thái đã xác nhận', '2022-07-21 11:40:12'),
(24, 12, 2, 'Đơn hàng đã được chuyển cho shipper giao hàng ở trạng thái đã xác nhận', '2022-07-21 11:41:54'),
(25, 10, 3, 'Đang giao hàng', '2022-07-21 15:11:07'),
(26, 10, 5, 'Chưa gặp khách', '2022-07-21 15:11:18'),
(27, 10, 6, 'Giao hàng không thành công lần 2', '2022-07-21 15:11:30'),
(28, 10, 7, 'Giao hàng thành công', '2022-07-21 15:11:42');

-- --------------------------------------------------------

--
-- Table structure for table `order_detail`
--

DROP TABLE IF EXISTS `order_detail`;
CREATE TABLE IF NOT EXISTS `order_detail` (
  `order_id` int(11) NOT NULL COMMENT 'Khoá ngoại tham chiếu khoá chính bảng orders cột id (id đơn hàng)',
  `product_info_id` int(11) NOT NULL COMMENT 'Khoá ngoại tham chiếu khoá chính bảng product_info cột id (id sản phẩm)',
  `count` int(11) NOT NULL COMMENT 'Số lượng sản phẩm',
  `cost` int(11) NOT NULL COMMENT 'giá gốc sản phẩm',
  `price` int(11) NOT NULL COMMENT 'Đơn giá sản phẩm',
  PRIMARY KEY (`order_id`,`product_info_id`),
  KEY `product_info_id` (`product_info_id`)
) ENGINE=InnoDB DEFAULT CHARSET=utf8 COLLATE=utf8_unicode_ci;

--
-- Dumping data for table `order_detail`
--

INSERT INTO `order_detail` (`order_id`, `product_info_id`, `count`, `cost`, `price`) VALUES
(1, 2, 1, 9690000, 10542000),
(1, 3, 3, 9690000, 10542000),
(1, 4, 1, 9690000, 10542000),
(2, 2, 1, 9690000, 10542000),
(3, 3, 4, 9690000, 10542000),
(4, 3, 4, 9690000, 10542000),
(5, 3, 1, 9690000, 10542000),
(5, 4, 1, 9690000, 10542000),
(6, 1, 1, 9290000, 10347000),
(7, 2, 1, 9690000, 10542000),
(8, 2, 1, 9690000, 10542000),
(9, 2, 1, 9690000, 10542000),
(10, 2, 1, 9690000, 10542000),
(11, 50, 2, 9390000, 11051000),
(11, 51, 2, 11190000, 12203000),
(12, 2, 1, 9690000, 10542000),
(12, 3, 1, 9690000, 10542000),
(12, 4, 1, 9690000, 10542000),
(12, 27, 1, 22999000, 45999000),
(13, 39, 1, 34190000, 34290000),
(13, 40, 1, 31900000, 32900000),
(13, 41, 1, 34900000, 45000000),
(14, 3, 1, 9690000, 10542000),
(14, 27, 1, 22999000, 45999000),
(15, 6, 1, 9690000, 10542000),
(16, 3, 1, 9690000, 10542000),
(17, 2, 1, 9690000, 10542000),
(18, 2, 1, 9690000, 10542000);

-- --------------------------------------------------------

--
-- Table structure for table `order_payment_history`
--

DROP TABLE IF EXISTS `order_payment_history`;
CREATE TABLE IF NOT EXISTS `order_payment_history` (
  `id` int(11) NOT NULL AUTO_INCREMENT,
  `order_id` int(11) NOT NULL,
  `transaction_code` varchar(255) COLLATE utf8_unicode_ci NOT NULL,
  `payment_method_id` int(11) NOT NULL,
  `payment_status_id` int(11) NOT NULL,
  `note_payment` varchar(255) CHARACTER SET utf8 COLLATE utf8_unicode_ci DEFAULT NULL,
  `created_at` datetime NOT NULL DEFAULT CURRENT_TIMESTAMP,
  PRIMARY KEY (`id`),
  KEY `order_id` (`order_id`),
  KEY `payment_method_id` (`payment_method_id`),
  KEY `payment_status_id` (`payment_status_id`)
) ENGINE=InnoDB DEFAULT CHARSET=utf8 COLLATE=utf8_unicode_ci;

-- --------------------------------------------------------

--
-- Table structure for table `payment_method`
--

DROP TABLE IF EXISTS `payment_method`;
CREATE TABLE IF NOT EXISTS `payment_method` (
  `id` int(11) NOT NULL AUTO_INCREMENT COMMENT 'Khoá chính tăng tự động dùng để phân biệt các dòng',
  `payment_name` varchar(255) CHARACTER SET utf8 COLLATE utf8_unicode_ci NOT NULL COMMENT 'Tên phương thức thanh toán',
  `created_at` datetime NOT NULL DEFAULT CURRENT_TIMESTAMP COMMENT 'Tình trạng kích hoạt (1: Đã kích hoạt,0:Chưa kích hoạt)',
  `is_delete` int(11) NOT NULL DEFAULT '0',
  PRIMARY KEY (`id`)
) ENGINE=InnoDB AUTO_INCREMENT=6 DEFAULT CHARSET=utf8 COLLATE=utf8_unicode_ci;

--
-- Dumping data for table `payment_method`
--

INSERT INTO `payment_method` (`id`, `payment_name`, `created_at`, `is_delete`) VALUES
(1, 'Thanh toán bằng ví MoMo', '0000-00-00 00:00:00', 0),
(2, 'Thanh toán bằng ví Paypal', '0000-00-00 00:00:00', 0),
(3, 'Thanh toán bằng chuyển khoản', '0000-00-00 00:00:00', 0),
(4, 'Thanh toán bằng ví VNPay', '0000-00-00 00:00:00', 0),
(5, 'Thanh toán bằng thẻ ZaloPay', '0000-00-00 00:00:00', 0);

-- --------------------------------------------------------

--
-- Table structure for table `payment_status`
--

DROP TABLE IF EXISTS `payment_status`;
CREATE TABLE IF NOT EXISTS `payment_status` (
  `id` int(11) NOT NULL AUTO_INCREMENT,
  `payment_status_name` varchar(255) CHARACTER SET utf8 COLLATE utf8_unicode_ci NOT NULL,
  `is_delete` int(11) NOT NULL DEFAULT '0',
  `created_at` datetime NOT NULL DEFAULT CURRENT_TIMESTAMP,
  PRIMARY KEY (`id`)
) ENGINE=InnoDB AUTO_INCREMENT=9 DEFAULT CHARSET=utf8 COLLATE=utf8_unicode_ci;

--
-- Dumping data for table `payment_status`
--

INSERT INTO `payment_status` (`id`, `payment_status_name`, `is_delete`, `created_at`) VALUES
(1, 'Đã thanh toán', 0, '2022-05-16 18:33:26'),
(2, 'Thanh toán không thành công', 0, '2022-05-16 18:33:26'),
(3, 'Chưa thanh toán', 0, '2022-05-16 18:35:17'),
(4, 'Đang chờ xử lý', 0, '2022-05-16 18:35:17');

-- --------------------------------------------------------

--
-- Table structure for table `product_comment`
--

DROP TABLE IF EXISTS `product_comment`;
CREATE TABLE IF NOT EXISTS `product_comment` (
  `id` int(11) NOT NULL AUTO_INCREMENT COMMENT 'Khoá chính tăng tự động dùng để phân biệt các dòng',
  `reply_id` int(11) DEFAULT NULL COMMENT 'id phan hoi',
  `user_id` int(11) NOT NULL COMMENT 'admin | customer | officer phan hoi',
  `product_info_id` int(11) NOT NULL COMMENT 'Khoá ngoại tham chiếu khoá chính bảng product_info cột id',
  `comment` text CHARACTER SET utf8 COLLATE utf8_unicode_ci NOT NULL COMMENT 'Nội dung bình luận',
  `rate` int(11) DEFAULT NULL COMMENT 'Số sao dánh giá (0 -  5 sao)',
  `is_active` int(11) NOT NULL DEFAULT '0' COMMENT 'đã / chưa kiểm duyệt',
  `is_delete` int(11) NOT NULL DEFAULT '0',
  `created_at` datetime NOT NULL DEFAULT CURRENT_TIMESTAMP COMMENT 'Thời điểm dòng dữ liệu này insert vào bảng',
  PRIMARY KEY (`id`),
  KEY `product_info_id` (`product_info_id`),
  KEY `user_id` (`user_id`),
  KEY `product_comment_ibfk_3` (`reply_id`)
) ENGINE=InnoDB AUTO_INCREMENT=83 DEFAULT CHARSET=utf8 COLLATE=utf8_unicode_ci;

--
-- Dumping data for table `product_comment`
--

INSERT INTO `product_comment` (`id`, `reply_id`, `user_id`, `product_info_id`, `comment`, `rate`, `is_active`, `is_delete`, `created_at`) VALUES
(30, NULL, 125, 2, 'Sản phẩm tốt', 0, 0, 1, '2022-06-20 13:14:16'),
(31, 30, 125, 2, 'Sản phẩm tốt quá', 0, 1, 1, '2022-06-20 13:15:25'),
(32, 30, 125, 2, 'Bình thường thôi', 0, 0, 1, '2022-06-20 13:17:15'),
(33, 30, 125, 2, 'tuyệt cú mèo tốt xịn sò', 0, 0, 1, '2022-06-20 13:33:10'),
(34, 30, 125, 2, 'Sản phẩm không tốt lắm', 0, 0, 1, '2022-06-20 13:33:12'),
(35, 31, 125, 2, 'Sản phẩm này vượt xa trí tưởng tượng', 0, 1, 1, '2022-06-20 13:37:48'),
(36, 35, 125, 2, 'Ok em', 0, 1, 1, '2022-06-20 13:37:52'),
(37, 31, 125, 2, 'Dạ hàng tốt lắm', 0, 1, 1, '2022-06-20 13:37:57'),
(38, 32, 125, 2, 'Hàng xịn ạ', 0, 0, 1, '2022-06-29 09:31:41'),
(39, 35, 125, 2, 'Hàng chất ạ', 0, 1, 1, '2022-06-29 09:31:54'),
(40, 32, 125, 2, 'Còn không á anh', 0, 0, 1, '2022-07-07 16:23:51'),
(44, NULL, 204, 6, 'Xài mấy bữa cũng tạm được', 3, 0, 1, '2022-07-11 13:11:18'),
(45, NULL, 204, 6, 'Ok máy tốt', 3, 0, 1, '2022-07-11 13:12:51'),
(46, NULL, 204, 6, 'Ok máy', 3, 1, 1, '2022-07-11 13:13:12'),
(47, NULL, 204, 6, 'Còn hàng không vậy', 0, 0, 1, '2022-07-11 13:13:17'),
(48, NULL, 204, 6, 'SỐ lượng là bao nhiêu', 2, 0, 0, '2022-07-11 13:14:08'),
(49, NULL, 204, 6, 'Chất đấy', 3, 0, 0, '2022-07-11 13:15:01'),
(50, NULL, 204, 6, 'Ừm hàng xịn phết', 3, 0, 0, '2022-07-11 13:16:08'),
(51, NULL, 204, 6, 'Ok tạm ổn phết', 3, 0, 0, '2022-07-11 13:16:48'),
(52, NULL, 204, 6, 'Hàng này ngon mà', 5, 0, 0, '2022-07-11 13:22:46'),
(53, NULL, 204, 6, 'tốt', 3, 0, 0, '2022-07-11 13:23:17'),
(54, NULL, 204, 6, 'tốt', 3, 0, 0, '2022-07-11 13:34:24'),
(55, 44, 125, 6, 'tốt', 0, 0, 1, '2022-07-11 13:35:25'),
(56, NULL, 204, 2, 'chào bạn còn máy không vậy', 4, 0, 1, '2022-07-11 13:55:43'),
(57, NULL, 204, 1, 'Được quá ta', 3, 0, 0, '2022-07-11 13:56:02'),
(58, 57, 125, 1, 'ok bạn yêu', 0, 0, 0, '2022-07-11 13:56:14'),
(59, NULL, 204, 1, 'Cảm ơn bạn', 2, 1, 0, '2022-07-11 14:00:04'),
(60, NULL, 204, 2, 'Tuyệt vời bạn ơi', 3, 1, 0, '2022-07-11 14:05:58'),
(61, NULL, 204, 2, 'Hy vọng chất lượng tốt hơn', 3, 0, 0, '2022-07-11 14:06:51'),
(62, 55, 125, 6, 'Ừm cũng ổn phết', 0, 0, 1, '2022-07-11 14:48:52'),
(65, NULL, 217, 1, 'Hàng xịn xò', 3, 0, 0, '2022-07-12 06:45:22'),
(66, NULL, 217, 3, 'Sản phẩm vip pro', 4, 1, 0, '2022-07-12 14:42:04'),
(67, NULL, 217, 3, 'Sản phẩm chất lượng cao', 2, 1, 0, '2022-07-12 14:42:35'),
(68, 59, 125, 1, 'Ổn quá ta', NULL, 1, 0, '2022-07-12 15:21:46'),
(69, 68, 125, 1, 'ĐƯợc bạn ơi', NULL, 1, 0, '2022-07-12 15:21:52'),
(70, NULL, 217, 3, 'Xịn xò quá bạn ơi', 5, 1, 0, '2022-07-12 15:30:12'),
(71, 59, 125, 1, 'Hàng rẻ chất lượng tao', NULL, 1, 0, '2022-07-12 15:39:43'),
(72, 65, 125, 1, 'Được quá', NULL, 0, 0, '2022-07-12 15:40:24'),
(73, NULL, 217, 3, 'ok', 1, 0, 0, '2022-07-12 16:12:50'),
(74, NULL, 217, 2, 'Chất lượng tuyệt vời', 3, 0, 1, '2022-07-12 19:48:47'),
(75, NULL, 218, 4, 'Dạ luôn ủng hộ ta', 3, 0, 0, '2022-07-13 15:48:47'),
(76, 57, 125, 1, 'hy vọng bạn ủng hộ chúng tôi hết mình\n', NULL, 0, 0, '2022-07-14 12:02:06'),
(77, NULL, 222, 3, 'Hàng này khá ổn nha', 4, 1, 0, '2022-07-14 22:18:44'),
(82, 57, 125, 1, 'cảm ơn bạn', NULL, 0, 0, '2022-07-21 14:44:18');

-- --------------------------------------------------------

--
-- Table structure for table `product_image`
--

DROP TABLE IF EXISTS `product_image`;
CREATE TABLE IF NOT EXISTS `product_image` (
  `id` int(11) NOT NULL AUTO_INCREMENT COMMENT 'Khoá chính tăng tự động dùng để phân biệt các dòng',
  `product_info_id` int(11) DEFAULT NULL COMMENT 'Khoá ngoại tham chiếu khoá chính bảng product_info cột id',
  `img_id` varchar(255) CHARACTER SET utf8 COLLATE utf8_unicode_ci DEFAULT NULL COMMENT 'lưu đường dẫn ảnh mô tả sản phẩm',
  `img_order` int(11) DEFAULT NULL COMMENT 'Vị trí của ảnh trong list ảnh (ảnh có số 1 nằm đầu,ảnh số 2 nằm kế bên ảnh số 1,...)	',
  PRIMARY KEY (`id`),
  KEY `product_info_id` (`product_info_id`)
) ENGINE=InnoDB AUTO_INCREMENT=17 DEFAULT CHARSET=utf8 COLLATE=utf8_unicode_ci;

--
-- Dumping data for table `product_image`
--

INSERT INTO `product_image` (`id`, `product_info_id`, `img_id`, `img_order`) VALUES
(6, 1, 'upload/product/1/19c1ac5eb3e0f8b16b78013b58f97960.jpg', 1),
(8, 1, 'upload/product/1/96b2929c41b553e965e495e6deec8e80.jpg', 2),
(9, 35, 'upload/product/35/8959684829e8a20f11df05b85d5827d435.png', 1),
(10, 35, 'upload/product/35/e22b5b0ea346524ff8b18a1ef0c640a335.png', 2),
(11, 35, 'upload/product/35/accfc8302a71cfb66e6be70d7f0fd4d035.jpg', 3),
(12, 35, 'upload/product/35/8323d02fb3b30490b4250527f6454b38.png', 4),
(13, 60, 'upload/product/60/af6cc8bd0207a3e2091fa4652b9e65cd.png', 1),
(14, 60, 'upload/product/60/48f91f63015aaa18f4b32c88e8dbd1b5.jpg', 2),
(15, 61, 'upload/product/61/f9e51b85f6a5df21f039794ee9ac217d61.png', 1),
(16, 62, 'upload/product/62/694aa8465e4e704bfe27f4e0b343d21462.png', 1);

-- --------------------------------------------------------

--
-- Table structure for table `product_info`
--

DROP TABLE IF EXISTS `product_info`;
CREATE TABLE IF NOT EXISTS `product_info` (
  `id` int(11) NOT NULL AUTO_INCREMENT COMMENT 'Khoá chính tăng tự động để phân biệt các dòng',
  `product_type_id` int(11) NOT NULL COMMENT 'Khoá ngoại tham chiếu khoá chính bảng product_type cột id',
  `user_id` int(11) NOT NULL COMMENT 'Khoá ngoại tham chiếu khoá chính bảng user cột id',
  `name` varchar(255) CHARACTER SET utf8 COLLATE utf8_unicode_ci NOT NULL COMMENT 'Tên sản phẩm',
  `img_name` varchar(255) CHARACTER SET utf8 COLLATE utf8_unicode_ci NOT NULL COMMENT 'ảnh đại diện',
  `description` mediumtext CHARACTER SET utf8 COLLATE utf8_unicode_ci NOT NULL COMMENT 'Mô tả sản phẩm',
  `count` int(11) NOT NULL COMMENT 'Số lượng sản phẩm hiển thị trên giao diện client',
  `cost` int(11) NOT NULL COMMENT 'Giá gốc',
  `price` int(11) NOT NULL COMMENT 'Giá bán',
  `is_active` int(11) NOT NULL DEFAULT '0' COMMENT 'Tình trạng bán hàng (là sản phẩm có dc hiển thị trên giao diện client) 2 giá trị , 1 : true,0: false',
  `is_delete` int(11) NOT NULL DEFAULT '0' COMMENT '1: Đã xoá, 0: Chưa xoá',
  `created_at` datetime NOT NULL DEFAULT CURRENT_TIMESTAMP COMMENT 'Thời điểm (mốc thời gian) dòng dữ liệu này dc insert vào bảng',
  PRIMARY KEY (`id`),
  KEY `user_id` (`user_id`),
  KEY `product_type_id` (`product_type_id`)
) ENGINE=InnoDB AUTO_INCREMENT=63 DEFAULT CHARSET=utf8 COLLATE=utf8_unicode_ci;

--
-- Dumping data for table `product_info`
--

INSERT INTO `product_info` (`id`, `product_type_id`, `user_id`, `name`, `img_name`, `description`, `count`, `cost`, `price`, `is_active`, `is_delete`, `created_at`) VALUES
(1, 10, 125, 'Alpha 1030 - i3 10105F/ H510/ 8GB/ 120GB/ GT 1030/ 450W', 'upload/product/1/3a4ce4e1ad13b0c65b4e164e7266b65f1.jpg', '- CPU: i3 - 10105F 4C/8T ( k3.7GHz up to 4.4GHz, 6MB )\r\n\r\n- Main: Asus Prime H510M-K\r\n\r\n- RAM: G.Skill Ripjaws V 8GB (1x8GB) DDR4 2800MHz (F4-2800C17S-8GVR) \r\n\r\n- SSD: AFOX SD250 120GB Sata III (AFSN8T3BN120G)\r\n\r\n- VGA: ASUS Phoenix GeForce GT 1030 O2G/2GB GDDR5/1531MHz/300W/HDMI DVI HDCP\r\n\r\n- Nguồn: DeepCool DN450 450W 80 Plus\r\n\r\n- Case: XIGMATEK INFINITY 1F', 123, 9290000, 10347000, 1, 0, '2022-07-06 16:50:28'),
(2, 10, 125, 'Alpha 4650G - Ryzen 5 PRO 4650G/ A520/ 8GB/ 120GB/', 'upload/product/2/425451fd14ddf8e40ea7fd8cab470ed62.jpg', '- CPU: AMD Ryzen 5 PRO 4650G MPK (3.7 GHz upto 4.2GHz/ 6 Cores, 12 Threads)\r\n\r\n- Mainboard: Asus Prime A520M-K\r\n\r\n- RAM: G.Skill Ripjaws V 8GB (1x8GB) DDR4 2800MHz (F4-2800C17S-8GVR) \r\n\r\n- Nguồn: DeepCool DN450 450W 80 Plus\r\n\r\n- SSD: AFOX SD250 120GB Sata III (AFSN8T3BN120G)\r\n\r\n- Vỏ case: Golden Field U2', 123, 9690000, 10542000, 1, 0, '2022-07-06 16:50:28'),
(3, 10, 125, 'Alpha 12400 VP - i5 12400/ H610/ 8GB/ 240GB/ UHD', 'upload/product/3/cbaf87a9f0ed6868b73c13c0ec3b72353.jpg', '- CPU: Intel Core i5-12400 6C/12T (Up To 4.40GHz, 18MB, Socket 1700, Alder Lake) - UHD 730\r\n\r\n- Main: Asus PRIME H610M-K D4 \r\n\r\n- RAM: G.Skill Ripjaws V 8GB (1x8GB) DDR4 2800MHz (F4-2800C17S-8GVR) \r\n\r\n- SSD: AFOX SD250 240GB Sata III (AFSN8T3BN240G)\r\n\r\n- PSU: DeepCool DN450 450W 80 Plus\r\n\r\n- Case: Golden Field U', 123, 9690000, 10542000, 1, 0, '2022-07-06 16:50:28'),
(4, 10, 125, 'Alpha RX550 - i3 10105F/ H510/ 8GB/ 120GB/ RX 550/ 450W', 'upload/product/4/3f9c169becb6aaba2d94cf679417f8564.jpg', '- CPU: Intel Core i5-12400 6C/12T (Up To 4.40GHz, 18MB, Socket 1700, Alder Lake) - UHD 730\r\n\r\n- Main: Asus PRIME H610M-K D4 \r\n\r\n- RAM: G.Skill Ripjaws V 8GB (1x8GB) DDR4 2800MHz (F4-2800C17S-8GVR) \r\n\r\n- SSD: AFOX SD250 240GB Sata III (AFSN8T3BN240G)\r\n\r\n- PSU: DeepCool DN450 450W 80 Plus\r\n\r\n- Case: Golden Field U', 123, 9690000, 10542000, 1, 0, '2022-07-06 16:50:28'),
(5, 10, 125, 'Alpha 5600G - R5 5600G/ A520/ 8GB/ 120GB/ 400W', 'upload/product/5/ad7a025f47553c4613f083c1467666ed5.jpg', '- CPU: Intel Core i5-12400 6C/12T (Up To 4.40GHz, 18MB, Socket 1700, Alder Lake) - UHD 730\r\n\r\n- Main: Asus PRIME H610M-K D4 \r\n\r\n- RAM: G.Skill Ripjaws V 8GB (1x8GB) DDR4 2800MHz (F4-2800C17S-8GVR) \r\n\r\n- SSD: AFOX SD250 240GB Sata III (AFSN8T3BN240G)\r\n\r\n- PSU: DeepCool DN450 450W 80 Plus\r\n\r\n- Case: Golden Field U', 123, 9690000, 10542000, 1, 0, '2022-07-06 16:50:28'),
(6, 10, 125, 'Alpha RX560 - i3 10105F/ H510/ 8GB/ 120GB/ RX 560/ 450W', 'upload/product/6/854e05ed5fb76a3794324017614b8d246.jpg', '- CPU: Intel Core i5-12400 6C/12T (Up To 4.40GHz, 18MB, Socket 1700, Alder Lake) - UHD 730\r\n\r\n- Main: Asus PRIME H610M-K D4 \r\n\r\n- RAM: G.Skill Ripjaws V 8GB (1x8GB) DDR4 2800MHz (F4-2800C17S-8GVR) \r\n\r\n- SSD: AFOX SD250 240GB Sata III (AFSN8T3BN240G)\r\n\r\n- PSU: DeepCool DN450 450W 80 Plus\r\n\r\n- Case: Golden Field U', 123, 9690000, 10542000, 1, 0, '2022-07-06 16:50:28'),
(7, 10, 125, 'Glacier 1050 Ti - i3 10105F/ H510/ 8GB/ 120GB/ GTX 1050 Ti/ 450W', 'upload/product/7/467631d1dc32e7727406823d862549aa7.jpg', '- CPU: Intel Core i5-12400 6C/12T (Up To 4.40GHz, 18MB, Socket 1700, Alder Lake) - UHD 730\r\n\r\n- Main: Asus PRIME H610M-K D4 \r\n\r\n- RAM: G.Skill Ripjaws V 8GB (1x8GB) DDR4 2800MHz (F4-2800C17S-8GVR) \r\n\r\n- SSD: AFOX SD250 240GB Sata III (AFSN8T3BN240G)\r\n\r\n- PSU: DeepCool DN450 450W 80 Plus\r\n\r\n- Case: Golden Field U', 123, 9690000, 10542000, 1, 0, '2022-07-06 16:50:28'),
(8, 10, 125, 'Alpha RX550 - i3 12100F/ H610/ 8GB/ 120GB/ RX550/ 450W', 'upload/product/8/912edca3b3781627ddbb74d7f536a5b38.jpg', '- CPU: Intel Core i5-12400 6C/12T (Up To 4.40GHz, 18MB, Socket 1700, Alder Lake) - UHD 730\r\n\r\n- Main: Asus PRIME H610M-K D4 \r\n\r\n- RAM: G.Skill Ripjaws V 8GB (1x8GB) DDR4 2800MHz (F4-2800C17S-8GVR) \r\n\r\n- SSD: AFOX SD250 240GB Sata III (AFSN8T3BN240G)\r\n\r\n- PSU: DeepCool DN450 450W 80 Plus\r\n\r\n- Case: Golden Field U', 123, 9690000, 10542000, 1, 0, '2022-07-06 16:50:28'),
(9, 10, 125, 'Alpha RX560 - R3 4100/ A520/ 8GB/ 240GB/ RX560/ 450W', 'upload/product/9/1e4206acf4441c2bf69ee9fa5b8b1f519.jpg', '- CPU: Intel Core i5-12400 6C/12T (Up To 4.40GHz, 18MB, Socket 1700, Alder Lake) - UHD 730\r\n\r\n- Main: Asus PRIME H610M-K D4 \r\n\r\n- RAM: G.Skill Ripjaws V 8GB (1x8GB) DDR4 2800MHz (F4-2800C17S-8GVR) \r\n\r\n- SSD: AFOX SD250 240GB Sata III (AFSN8T3BN240G)\r\n\r\n- PSU: DeepCool DN450 450W 80 Plus\r\n\r\n- Case: Golden Field U', 123, 9690000, 10542000, 1, 0, '2022-07-06 16:50:28'),
(10, 10, 125, 'Sniper 1660 Super - i3 10105F/ H510/ 8GB/ 240GB/ GTX 1660', 'upload/product/10/39cf28f70df0b7d0efcf6c7e2064e2f310.jpg', '- CPU: Intel Core i5-12400 6C/12T (Up To 4.40GHz, 18MB, Socket 1700, Alder Lake) - UHD 730\r\n\r\n- Main: Asus PRIME H610M-K D4 \r\n\r\n- RAM: G.Skill Ripjaws V 8GB (1x8GB) DDR4 2800MHz (F4-2800C17S-8GVR) \r\n\r\n- SSD: AFOX SD250 240GB Sata III (AFSN8T3BN240G)\r\n\r\n- PSU: DeepCool DN450 450W 80 Plus\r\n\r\n- Case: Golden Field U', 123, 9690000, 10542000, 1, 0, '2022-07-06 16:50:28'),
(11, 10, 125, 'Glacier 6400 - i3 10105F/ H510/ 16GB/ 240GB/ RX 6400/ 450W', 'upload/product/11/d23be8b213b5632efebf74c50b395a6d11.jpg', '- CPU: Intel Core i5-12400 6C/12T (Up To 4.40GHz, 18MB, Socket 1700, Alder Lake) - UHD 730\r\n\r\n- Main: Asus PRIME H610M-K D4 \r\n\r\n- RAM: G.Skill Ripjaws V 8GB (1x8GB) DDR4 2800MHz (F4-2800C17S-8GVR) \r\n\r\n- SSD: AFOX SD250 240GB Sata III (AFSN8T3BN240G)\r\n\r\n- PSU: DeepCool DN450 450W 80 Plus\r\n\r\n- Case: Golden Field U', 123, 9690000, 10542000, 1, 0, '2022-07-06 16:50:28'),
(12, 10, 125, 'Glacier 1050 Ti - i3 12100F/ H610/ 8GB/ 120GB/ GTX 1050 Ti/ 450W', 'upload/product/12/7ee53769753a19a9275d08c40fd1c72512.jpg', '- CPU: Intel Core i5-12400 6C/12T (Up To 4.40GHz, 18MB, Socket 1700, Alder Lake) - UHD 730\r\n\r\n- Main: Asus PRIME H610M-K D4 \r\n\r\n- RAM: G.Skill Ripjaws V 8GB (1x8GB) DDR4 2800MHz (F4-2800C17S-8GVR) \r\n\r\n- SSD: AFOX SD250 240GB Sata III (AFSN8T3BN240G)\r\n\r\n- PSU: DeepCool DN450 450W 80 Plus\r\n\r\n- Case: Golden Field U', 123, 9690000, 10542000, 1, 0, '2022-07-06 16:50:28'),
(13, 10, 125, 'Glacier 1650 - i3 10105F/ H510/ 16GB/ 120GB/ GTX 1650/ 550W', 'upload/product/13/b07d2e21f1fe450efb7ea796136877de13.jpg', '- CPU: Intel Core i5-12400 6C/12T (Up To 4.40GHz, 18MB, Socket 1700, Alder Lake) - UHD 730\r\n\r\n- Main: Asus PRIME H610M-K D4 \r\n\r\n- RAM: G.Skill Ripjaws V 8GB (1x8GB) DDR4 2800MHz (F4-2800C17S-8GVR) \r\n\r\n- SSD: AFOX SD250 240GB Sata III (AFSN8T3BN240G)\r\n\r\n- PSU: DeepCool DN450 450W 80 Plus\r\n\r\n- Case: Golden Field U', 123, 9690000, 10542000, 1, 0, '2022-07-06 16:50:28'),
(14, 10, 125, 'Alpha RX560 - R5 3500/ B450/ 16GB/ 120GB/ RX 560/ 450W', 'upload/product/14/6625dd3fd54a0cbb1d57bdd95634dff714.jpg', '- CPU: Intel Core i5-12400 6C/12T (Up To 4.40GHz, 18MB, Socket 1700, Alder Lake) - UHD 730\r\n\r\n- Main: Asus PRIME H610M-K D4 \r\n\r\n- RAM: G.Skill Ripjaws V 8GB (1x8GB) DDR4 2800MHz (F4-2800C17S-8GVR) \r\n\r\n- SSD: AFOX SD250 240GB Sata III (AFSN8T3BN240G)\r\n\r\n- PSU: DeepCool DN450 450W 80 Plus\r\n\r\n- Case: Golden Field U', 123, 9690000, 10542000, 1, 0, '2022-07-06 16:50:28'),
(15, 10, 125, 'Sniper 1660 Super - R5 3500/ B450/ 8GB/ 120GB/ GTX 1660', 'upload/product/15/269332656267dd472987bf9b131880e315.jpg', '- CPU: Intel Core i5-12400 6C/12T (Up To 4.40GHz, 18MB, Socket 1700, Alder Lake) - UHD 730\r\n\r\n- Main: Asus PRIME H610M-K D4 \r\n\r\n- RAM: G.Skill Ripjaws V 8GB (1x8GB) DDR4 2800MHz (F4-2800C17S-8GVR) \r\n\r\n- SSD: AFOX SD250 240GB Sata III (AFSN8T3BN240G)\r\n\r\n- PSU: DeepCool DN450 450W 80 Plus\r\n\r\n- Case: Golden Field U', 123, 9690000, 10542000, 1, 0, '2022-07-06 16:50:28'),
(16, 10, 125, 'Glacier 1650 - i3 12100F/ H610/ 16GB/ 120GB/ GTX 1650/ 550W', 'upload/product/16/ef7e3da896f7192451caed99319bb52b16.jpg', '- CPU: Intel Core i5-12400 6C/12T (Up To 4.40GHz, 18MB, Socket 1700, Alder Lake) - UHD 730\r\n\r\n- Main: Asus PRIME H610M-K D4 \r\n\r\n- RAM: G.Skill Ripjaws V 8GB (1x8GB) DDR4 2800MHz (F4-2800C17S-8GVR) \r\n\r\n- SSD: AFOX SD250 240GB Sata III (AFSN8T3BN240G)\r\n\r\n- PSU: DeepCool DN450 450W 80 Plus\r\n\r\n- Case: Golden Field U', 123, 9690000, 10542000, 1, 0, '2022-07-06 16:50:28'),
(17, 10, 125, 'Lumen 2060 - i3 10105F/ H510/ 8GB/ 240GB/ RTX 2060/ 550W', 'upload/product/17/bc8521a2ea95d623949bb82362c3538c17.jpg', '- CPU: Intel Core i5-12400 6C/12T (Up To 4.40GHz, 18MB, Socket 1700, Alder Lake) - UHD 730\r\n\r\n- Main: Asus PRIME H610M-K D4 \r\n\r\n- RAM: G.Skill Ripjaws V 8GB (1x8GB) DDR4 2800MHz (F4-2800C17S-8GVR) \r\n\r\n- SSD: AFOX SD250 240GB Sata III (AFSN8T3BN240G)\r\n\r\n- PSU: DeepCool DN450 450W 80 Plus\r\n\r\n- Case: Golden Field U', 123, 9690000, 10542000, 1, 0, '2022-07-06 16:50:28'),
(18, 10, 125, 'Glacier 6500XT - i3 12100F/ H610/ 8GB/ 120GB/ RX 6500XT/', 'upload/product/18/fe37afbd43462cb353ca03de32b5166918.jpg', '- CPU: Intel Core i5-12400 6C/12T (Up To 4.40GHz, 18MB, Socket 1700, Alder Lake) - UHD 730\r\n\r\n- Main: Asus PRIME H610M-K D4 \r\n\r\n- RAM: G.Skill Ripjaws V 8GB (1x8GB) DDR4 2800MHz (F4-2800C17S-8GVR) \r\n\r\n- SSD: AFOX SD250 240GB Sata III (AFSN8T3BN240G)\r\n\r\n- PSU: DeepCool DN450 450W 80 Plus\r\n\r\n- Case: Golden Field U', 123, 9690000, 10542000, 1, 0, '2022-07-06 16:50:28'),
(19, 10, 125, 'Sniper 1660 Super - i3 10105F/ H510/ 8GB/ 120GB/ GTX 1660', 'upload/product/19/b6befffa7eb2e77ae1159488751136f819.jpg', '- CPU: Intel Core i5-12400 6C/12T (Up To 4.40GHz, 18MB, Socket 1700, Alder Lake) - UHD 730\r\n\r\n- Main: Asus PRIME H610M-K D4 \r\n\r\n- RAM: G.Skill Ripjaws V 8GB (1x8GB) DDR4 2800MHz (F4-2800C17S-8GVR) \r\n\r\n- SSD: AFOX SD250 240GB Sata III (AFSN8T3BN240G)\r\n\r\n- PSU: DeepCool DN450 450W 80 Plus\r\n\r\n- Case: Golden Field U', 123, 9690000, 10542000, 1, 0, '2022-07-06 16:50:28'),
(20, 10, 125, 'Glacier 6500XT - R5 3500/ B450/ 16GB/ 240GB/ RX 6500XT/ 450W', 'upload/product/20/84cfb77a68453dd3175c347a16bf5c1520.jpg', '- CPU: Intel Core i5-12400 6C/12T (Up To 4.40GHz, 18MB, Socket 1700, Alder Lake) - UHD 730\r\n\r\n- Main: Asus PRIME H610M-K D4 \r\n\r\n- RAM: G.Skill Ripjaws V 8GB (1x8GB) DDR4 2800MHz (F4-2800C17S-8GVR) \r\n\r\n- SSD: AFOX SD250 240GB Sata III (AFSN8T3BN240G)\r\n\r\n- PSU: DeepCool DN450 450W 80 Plus\r\n\r\n- Case: Golden Field U', 123, 9690000, 32542000, 1, 0, '2022-07-06 16:50:28'),
(21, 10, 125, 'Sniper 1660 Super - i3 12100F/ H610/ 8GB/ 120GB/ GTX 1660', 'upload/product/21/9a636eeb42ccc488e7e480a5f38e55d521.jpg', '- CPU: Intel Core i5-12400 6C/12T (Up To 4.40GHz, 18MB, Socket 1700, Alder Lake) - UHD 730\r\n\r\n- Main: Asus PRIME H610M-K D4 \r\n\r\n- RAM: G.Skill Ripjaws V 8GB (1x8GB) DDR4 2800MHz (F4-2800C17S-8GVR) \r\n\r\n- SSD: AFOX SD250 240GB Sata III (AFSN8T3BN240G)\r\n\r\n- PSU: DeepCool DN450 450W 80 Plus\r\n\r\n- Case: Golden Field U', 123, 9690000, 29420000, 1, 0, '2022-07-06 16:50:28'),
(22, 10, 125, 'Lumen 2060 - R5 3500/ B450/ 8GB/ 240GB/ RTX 2060/ 550W', 'upload/product/22/eb190b896497aec5e20be4cc26c3845422.jpg', '- CPU: Intel Core i5-12400 6C/12T (Up To 4.40GHz, 18MB, Socket 1700, Alder Lake) - UHD 730\r\n\r\n- Main: Asus PRIME H610M-K D4 \r\n\r\n- RAM: G.Skill Ripjaws V 8GB (1x8GB) DDR4 2800MHz (F4-2800C17S-8GVR) \r\n\r\n- SSD: AFOX SD250 240GB Sata III (AFSN8T3BN240G)\r\n\r\n- PSU: DeepCool DN450 450W 80 Plus\r\n\r\n- Case: Golden Field U', 123, 9690000, 28542000, 1, 0, '2022-07-06 16:50:28'),
(23, 10, 125, 'Sniper 1660 Super - i5 11400F/ B560/ 16GB/ 250GB/ GTX 1660', 'upload/product/23/57becde79a016e8e2c777743783157c623.jpg', '<p style=\"margin-right: 0px; margin-bottom: 0px; margin-left: 0px; padding: 0px; border: 0px; font-variant-numeric: inherit; font-variant-east-asian: inherit; font-stretch: inherit; line-height: inherit; font-family: \" chakra=\"\" petch\";=\"\" vertical-align:=\"\" baseline;=\"\" color:=\"\" rgb(0,=\"\" 0,=\"\" 0);\"=\"\">- Máy tính Intel NUC 11 Phantom RNUC11PHKi7C000</p><p style=\"margin-right: 0px; margin-bottom: 0px; margin-left: 0px; padding: 0px; border: 0px; font-variant-numeric: inherit; font-variant-east-asian: inherit; font-stretch: inherit; line-height: inherit; font-family: \" chakra=\"\" petch\";=\"\" vertical-align:=\"\" baseline;=\"\" color:=\"\" rgb(0,=\"\" 0,=\"\" 0);\"=\"\">- CPU Intel Core i7-1165G7 (12M Cache, up to 4.70 GHz, with IPU) Quad Core</p><p style=\"margin-right: 0px; margin-bottom: 0px; margin-left: 0px; padding: 0px; border: 0px; font-variant-numeric: inherit; font-variant-east-asian: inherit; font-stretch: inherit; line-height: inherit; font-family: \" chakra=\"\" petch\";=\"\" vertical-align:=\"\" baseline;=\"\" color:=\"\" rgb(0,=\"\" 0,=\"\" 0);\"=\"\">- GPU: Nvidia Geforce RTX 2060 Max-P</p><p style=\"margin-right: 0px; margin-bottom: 0px; margin-left: 0px; padding: 0px; border: 0px; font-variant-numeric: inherit; font-variant-east-asian: inherit; font-stretch: inherit; line-height: inherit; font-family: \" chakra=\"\" petch\";=\"\" vertical-align:=\"\" baseline;=\"\" color:=\"\" rgb(0,=\"\" 0,=\"\" 0);\"=\"\">- Memory: 2x Dual-Channel DDR4-3200 SODIMM Slots (chưa kèm)</p><p style=\"margin-right: 0px; margin-bottom: 0px; margin-left: 0px; padding: 0px; border: 0px; font-variant-numeric: inherit; font-variant-east-asian: inherit; font-stretch: inherit; line-height: inherit; font-family: \" chakra=\"\" petch\";=\"\" vertical-align:=\"\" baseline;=\"\" color:=\"\" rgb(0,=\"\" 0,=\"\" 0);\"=\"\">- Storage: 2x M.2 (1x 2280/22110, 1x 2280 Key M) PCIe x4 Gen3 NVMe/SATA3, microSDXC (chưa kèm)</p><p style=\"margin-right: 0px; margin-bottom: 0px; margin-left: 0px; padding: 0px; border: 0px; font-variant-numeric: inherit; font-variant-east-asian: inherit; font-stretch: inherit; line-height: inherit; font-family: \" chakra=\"\" petch\";=\"\" vertical-align:=\"\" baseline;=\"\" color:=\"\" rgb(0,=\"\" 0,=\"\" 0);\"=\"\">- Cổng kết nối: HDMI 2.0b, Mini DisplayPort 1.4, 2x Thunderbolt 4, 6x USB-A 3.1 Gen 2</p><p style=\"margin-right: 0px; margin-bottom: 0px; margin-left: 0px; padding: 0px; border: 0px; font-variant-numeric: inherit; font-variant-east-asian: inherit; font-stretch: inherit; line-height: inherit; font-family: \" chakra=\"\" petch\";=\"\" vertical-align:=\"\" baseline;=\"\" color:=\"\" rgb(0,=\"\" 0,=\"\" 0);\"=\"\">- Kết nối: Intel Wi-Fi 6 AX201 + Bluetooth 5, 2.5GbE -</p><p style=\"margin-right: 0px; margin-bottom: 0px; margin-left: 0px; padding: 0px; border: 0px; font-variant-numeric: inherit; font-variant-east-asian: inherit; font-stretch: inherit; line-height: inherit; font-family: \" chakra=\"\" petch\";=\"\" vertical-align:=\"\" baseline;=\"\" color:=\"\" rgb(0,=\"\" 0,=\"\" 0);\"=\"\">- OS: N/A</p>', 123, 9690000, 25420000, 1, 0, '2022-07-06 16:50:28'),
(24, 10, 125, 'Sniper 6600 - i3 10105F/ H510/ 16GB/ 240GB/ RX6600/ 550W', 'upload/product/24/678eac6648a4c54c168b7a04d59e006924.jpg', '- CPU: Intel Core i5-12400 6C/12T (Up To 4.40GHz, 18MB, Socket 1700, Alder Lake) - UHD 730\r\n\r\n- Main: Asus PRIME H610M-K D4 \r\n\r\n- RAM: G.Skill Ripjaws V 8GB (1x8GB) DDR4 2800MHz (F4-2800C17S-8GVR) \r\n\r\n- SSD: AFOX SD250 240GB Sata III (AFSN8T3BN240G)\r\n\r\n- PSU: DeepCool DN450 450W 80 Plus\r\n\r\n- Case: Golden Field U', 123, 9690000, 25420000, 1, 0, '2022-07-06 16:50:28'),
(25, 11, 125, 'Gaming PC - ASUS ROG G10DK - R5 5600G/ B550/ 512GB/ GTX', 'upload/product/25/c3bdce59996c46df9eaa899b93a8a34725.jpg', '- CPU: AMD Ryzen™ 5 5600G (6 nhân/12 luồng)\r\n\r\n- Main: B550 \r\n\r\n- RAM: 8GB DDR4 U-DIMM\r\n\r\n- VGA: GTX 1660TI 6GB DDR6\r\n\r\n- PSU: 500W (80+ Gold, tối đa 550W)\r\n\r\n- SSD: 512GB M.2 NVMe', 123, 24999000, 65999000, 0, 0, '2022-07-06 18:00:46'),
(26, 11, 125, 'Gaming PC Asus ROG Strix GA35 G35DX-VN010T R7-5800X/ 16GB', 'upload/product/26/400e92ac12bb8a304332b047c10da9c126.jpg', '<p><span style=\"font-family: &quot;Times New Roman&quot;;\">﻿</span><span style=\"font-family: &quot;Times New Roman&quot;;\">- CPU: AMD Ryzen™ 5 5600G (6 nhân/12 luồng)\r\n\r\n- Main: B550 \r\n\r\n- RAM: 8GB DDR4 U-DIMM\r\n\r\n- VGA: GTX 1660TI 6GB DDR6\r\n\r\n- PSU: 500W (80+ Gold, tối đa 550W)\r\n\r\n- SSD: 512GB M.2 NVMe</span></p>', 123, 21999000, 23999000, 1, 0, '2022-07-06 18:00:46'),
(27, 11, 125, 'PC Mini Intel NUC 11 Phantom Canyon Enthusiast - NUC11PHKi7C', 'upload/product/27/398dd0fb3574715e3bb46e76b4b24e4927.jpg', '- CPU: AMD Ryzen™ 5 5600G (6 nhân/12 luồng)\r\n\r\n- Main: B550 \r\n\r\n- RAM: 8GB DDR4 U-DIMM\r\n\r\n- VGA: GTX 1660TI 6GB DDR6\r\n\r\n- PSU: 500W (80+ Gold, tối đa 550W)\r\n\r\n- SSD: 512GB M.2 NVMe', 123, 22999000, 45999000, 1, 0, '2022-07-06 18:00:46'),
(28, 11, 125, 'PC Đồng Bộ Asus ExpertCenter D7 Mini Tower D700MA-', 'upload/product/28/38306c4d71b4c2255c3220568cb437ec28.jpg', '- CPU: AMD Ryzen™ 5 5600G (6 nhân/12 luồng)\r\n\r\n- Main: B550 \r\n\r\n- RAM: 8GB DDR4 U-DIMM\r\n\r\n- VGA: GTX 1660TI 6GB DDR6\r\n\r\n- PSU: 500W (80+ Gold, tối đa 550W)\r\n\r\n- SSD: 512GB M.2 NVMe', 123, 18999000, 31999000, 1, 0, '2022-07-06 18:00:46'),
(29, 11, 125, 'PC Đồng Bộ Asus ExpertCenter D5 Mini Tower D500MA-', 'upload/product/29/c4226bea1ed3b0874c7e6e9dca74eecd29.jpg', '- CPU: AMD Ryzen™ 5 5600G (6 nhân/12 luồng)\r\n\r\n- Main: B550 \r\n\r\n- RAM: 8GB DDR4 U-DIMM\r\n\r\n- VGA: GTX 1660TI 6GB DDR6\r\n\r\n- PSU: 500W (80+ Gold, tối đa 550W)\r\n\r\n- SSD: 512GB M.2 NVMe', 123, 21999000, 35999000, 1, 0, '2022-07-06 18:00:46'),
(30, 11, 125, 'PC Asus ROG Strix G35DX-VN007T R7-3700X/16GB RAM/1TB', 'upload/product/30/c4c37ddf81525ec54cf9696a4393977030.jpg', '- CPU: AMD Ryzen™ 5 5600G (6 nhân/12 luồng)\r\n\r\n- Main: B550 \r\n\r\n- RAM: 8GB DDR4 U-DIMM\r\n\r\n- VGA: GTX 1660TI 6GB DDR6\r\n\r\n- PSU: 500W (80+ Gold, tối đa 550W)\r\n\r\n- SSD: 512GB M.2 NVMe', 123, 24999000, 31999000, 1, 0, '2022-07-06 18:00:46'),
(31, 11, 125, 'Gaming PC - ASUS ROG Strix GA15 G15DH-VN001T R7-3700X/ 16GB/', 'upload/product/31/078bb6ce8a771c3d1590b79df33b91b531.jpg', '- CPU: AMD Ryzen™ 5 5600G (6 nhân/12 luồng)\r\n\r\n- Main: B550 \r\n\r\n- RAM: 8GB DDR4 U-DIMM\r\n\r\n- VGA: GTX 1660TI 6GB DDR6\r\n\r\n- PSU: 500W (80+ Gold, tối đa 550W)\r\n\r\n- SSD: 512GB M.2 NVMe', 123, 18999000, 22999000, 1, 0, '2022-07-06 18:00:46'),
(32, 11, 125, 'PC MSI Cubi 3 silent S-038VN-B5720UXX', 'upload/product/32/3a48d87d04565c83d4f0392b953f5fea32.png', '- CPU: AMD Ryzen™ 5 5600G (6 nhân/12 luồng)\r\n\r\n- Main: B550 \r\n\r\n- RAM: 8GB DDR4 U-DIMM\r\n\r\n- VGA: GTX 1660TI 6GB DDR6\r\n\r\n- PSU: 500W (80+ Gold, tối đa 550W)\r\n\r\n- SSD: 512GB M.2 NVMe', 123, 21999000, 29999000, 1, 0, '2022-07-06 18:00:46'),
(33, 11, 125, 'Mini PC MSI Cubi 3 silent S-037VN-B3710UXX', 'upload/product/33/b28a5f627220534546bd154429b8369533.png', '- CPU: AMD Ryzen™ 5 5600G (6 nhân/12 luồng)\r\n\r\n- Main: B550 \r\n\r\n- RAM: 8GB DDR4 U-DIMM\r\n\r\n- VGA: GTX 1660TI 6GB DDR6\r\n\r\n- PSU: 500W (80+ Gold, tối đa 550W)\r\n\r\n- SSD: 512GB M.2 NVMe', 123, 21999000, 27999000, 1, 0, '2022-07-06 18:00:46'),
(34, 11, 125, 'Mini PC MSI Cubi N 8GL 016BVN-BN5000XXx', 'upload/product/34/c5fd3b0f03b55c830e69ce0995a842f634.jpg', '- CPU: AMD Ryzen™ 5 5600G (6 nhân/12 luồng)\r\n\r\n- Main: B550 \r\n\r\n- RAM: 8GB DDR4 U-DIMM\r\n\r\n- VGA: GTX 1660TI 6GB DDR6\r\n\r\n- PSU: 500W (80+ Gold, tối đa 550W)\r\n\r\n- SSD: 512GB M.2 NVMe', 123, 21999000, 25999000, 1, 0, '2022-07-06 18:00:46'),
(35, 37, 125, 'Web server', 'upload/product/35/c349c3a56b94dad18c30663fec55c183.png', '<p>aaa</p>', 3443, 60000000, 500000000, 0, 1, '2022-07-09 18:16:24'),
(39, 14, 125, 'PRO CREATOR PC - CREATION ADVANCED Powered By MSI - i5', 'upload/product/39/4bc35da2ccafd0c0c08812fa007bf96639.jpg', ' ', 123, 34190000, 34290000, 1, 0, '2022-07-12 19:39:40'),
(40, 14, 125, 'PRO CREATOR PC - CREATION ADVANCED Powered By Asus - i5 12600K/ B660/ 32GB/ 2TB/ RTX 3060 / 750W', 'upload/product/40/4f68fdfc7bbd6e419479356bb02321e040.jpg', ' ', 123, 31900000, 32900000, 1, 0, '2022-07-12 19:39:40'),
(41, 14, 125, 'PRO CREATOR PC - CREATION ADVANCED ITX - i5 11500/ B560/ 32GB/ 480GB/ RTX 3060 Ti/ 650W', 'upload/product/41/264e9b985505600eb38f2619b6bc5ab241.jpg', ' ', 123, 34900000, 45000000, 1, 0, '2022-07-12 19:39:40'),
(42, 14, 125, 'PRO CREATOR PC - CREATION ADVANCED Powered By MSI - i5 12500/ B660/ 16GB/ 512GB/ RTX 2070/ 750W', 'upload/product/42/2d82f5f68e6a04774ab28e93c3fdc61a42.jpg', ' ', 0, 34900000, 37000000, 1, 0, '2022-07-12 19:39:40'),
(43, 14, 125, 'PRO CREATOR PC - CREATION ADVANCED Powered By MSI - i7 12500/ B660/ 32GB/ 512GB/ RTX 3050/ 750W', 'upload/product/43/8a68ede6ea6416615fd7d9befd8b945043.jpg', ' ', 123, 34900000, 67000000, 1, 0, '2022-07-12 19:39:40'),
(44, 14, 125, 'PRO CREATOR PC - CREATION ADVANCED Powered By MSI - i5 12500/ B660/ 32GB/ 1TB/ RTX 3050/ 750W', 'upload/product/44/36864740b5560b78b2b30a2545d09bb744.jpg', ' ', 123, 34900000, 47060000, 1, 0, '2022-07-12 19:39:40'),
(45, 14, 125, 'PRO CREATOR PC - CREATION ADVANCED Powered By MSI - i5 12500/ B660/ 16GB/ 512GB/ GTX 3050/ 750W', 'upload/product/45/0dfa1388c910e5073971e8bee1f67b7045.jpg', ' ', 123, 34900000, 35678000, 1, 0, '2022-07-12 19:39:40'),
(46, 14, 125, 'PRO CREATOR PC - CREATION ADVANCED Powered By MSI - i5 12500/ B660/ 32GB/ 512GB/ RTX 1050/ 750W', 'upload/product/46/4209628c26c8d111ed0f49b762c948e646.jpg', ' ', 123, 27000000, 32222000, 1, 0, '2022-07-12 19:39:40'),
(47, 14, 125, 'PRO CREATOR PC - CREATION ADVANCED Powered By MSI - i5 12500/ B660/ 32GB/ 512GB/ RTX 3050/ 750W', 'upload/product/47/bfc036bd7f61e9b681ce7477859f9d4147.jpg', ' ', 0, 37000000, 42000000, 1, 0, '2022-07-12 19:39:40'),
(48, 14, 125, 'PRO CREATOR PC - CREATION ADVANCED Powered By MSI - i5 10500/ B660/ 16GB/ 250GB/ RTX 3050/ 750W', 'upload/product/48/90067deac187bf83a8479bf1ef475c5848.jpg', ' ', 0, 25000000, 26000000, 1, 0, '2022-07-12 19:39:40'),
(49, 13, 125, 'PC Đồ Họa - Renda Basic - i3-10105 / H510 / 16GB/ 120GB SSD / 450W', 'upload/product/49/ed153ad3abbd7906327e7574de217ddc49.jpg', ' ', 123, 8090000, 8930000, 1, 0, '2022-07-12 20:01:32'),
(50, 13, 125, 'PC Đồ Họa - Renda Basic - i3 10105F / H510 / 8GB / GT 1030 / 120GB / 450W', 'upload/product/50/13f1f77acc9c9c3968ff46086efdec2250.jpg', ' ', 123, 9390000, 11051000, 1, 0, '2022-07-12 20:01:32'),
(51, 13, 125, 'PC Đồ Họa - Renda Basic - R5 Pro 4650G/ A520M/ 16GB/ 256GB SSD/ 450W', 'upload/product/51/6e6045b5d299d8f09919fd3d7bbd293051.jpg', ' ', 123, 11190000, 12203000, 1, 0, '2022-07-12 20:01:32'),
(52, 13, 125, 'PC Đồ Họa - Renda Basic - R5-5600G / B450 / 16GB RAM / 250GB SSD / 450W', 'upload/product/52/d42a164f4869df4517904bd3aca290e852.jpg', ' ', 123, 11190000, 13684000, 1, 0, '2022-07-12 20:01:32'),
(53, 13, 125, 'PC Đồ Họa - Renda Basic - R5 3500 / B450 / 16GB RAM / 240GB SSD / RX 550 / 450W', 'upload/product/53/6e6a81af5b01ac58966affa8c3bd22d853.jpg', ' ', 123, 12490000, 14034000, 1, 0, '2022-07-12 20:01:32'),
(54, 13, 125, 'PC Đồ Họa - Renda Advanced - i5-11400F / B560/ 16GB/ 256GB/ GTX 1050Ti/ 550W', 'upload/product/54/4af2773b49f096ea6081b9db641ad20954.jpg', ' ', 123, 14790000, 17716000, 1, 0, '2022-07-12 20:01:32'),
(55, 13, 125, 'PC Đồ Họa - Renda Advanced - R5 3500/ B450/ 500GB/ 16GB/ GTX 1660s/ 550W', 'upload/product/55/b4e08d3a82750c2502bdd2c8d204319855.jpg', ' ', 123, 15490000, 18935000, 1, 0, '2022-07-12 20:01:32'),
(56, 13, 125, 'PC Đồ Họa - Renda Advanced - i5-11400F / B560/ 8GB/ 256GB/ GTX 1650/ 550W', 'upload/product/56/5ee91957447eec2982e4168cbc0dd53856.jpg', ' ', 12311, 15990000, 18828000, 1, 0, '2022-07-12 20:01:32'),
(57, 13, 125, 'PC Đồ Họa - Renda Advanced - I5 11400F / B560M / 16GB / GTX 1660s / 500GB / 550W', 'upload/product/57/6d0b031fd5d87c4146ce02ee57d5377057.jpg', ' ', 12311, 17190000, 21048000, 1, 0, '2022-07-12 20:01:32'),
(58, 13, 125, 'PC Đồ Họa - Renda Advanced - R5 5600X/ B450/ 16GB/ 500GB/ RTX 2060 / 650W', 'upload/product/58/ac0d3d108439381a76fa61657575332e58.jpg', ' ', 11111, 18890000, 26557000, 1, 0, '2022-07-12 20:01:32'),
(59, 10, 125, 'a', 'upload/product/59/d10b1b162db147ae8bb4a7148677506559.png', '1', 1, 20000, 200000, 0, 1, '2022-07-21 12:04:58'),
(60, 29, 125, 'b', 'upload/product/60/76ce8d5abb3f81b28c955e3821a904db60.png', '1', 1, 20000, 200000, 0, 1, '2022-07-21 12:04:58'),
(61, 10, 125, 'a', 'upload/product/61/6067093a16b990405baba7529adda1bb.png', '<p>1</p>', 23, 200000, 400000, 0, 1, '2022-07-21 13:57:07'),
(62, 10, 125, 'aaa', 'upload/product/62/a099a9e9856610b9b02fd4b853888b38.png', '<p>11</p>', 90, 1000000, 2000000, 0, 0, '2022-07-22 09:30:35');

-- --------------------------------------------------------

--
-- Table structure for table `product_type`
--

DROP TABLE IF EXISTS `product_type`;
CREATE TABLE IF NOT EXISTS `product_type` (
  `id` int(11) NOT NULL AUTO_INCREMENT COMMENT 'Khoá chính tăng tự động dùng để phân biệt các dòng',
  `parent_id` int(11) DEFAULT NULL COMMENT 'Khoá ngoại tham chiếu khoá chính bảng product_type cột id, Gọi là "cha"  (ví dụ Điện thoại > IPhone > IPhone 13) thì Điện thoại là "cha" của IPhone, IPhone là "con" của điện thoại và đồng thời Iphone là "cha" của Iphone 13,Iphone 13 là "con" của Iphone, Điện thoại nằm ở đầu list menu nên dc gọi là "cụ tổ" (root),Menu đa cấp.',
  `name` varchar(255) CHARACTER SET utf8 COLLATE utf8_unicode_ci NOT NULL COMMENT 'Tên menu',
  `img_name` varchar(255) CHARACTER SET utf8 COLLATE utf8_unicode_ci DEFAULT NULL COMMENT 'Đường dẫn icon hiển thị',
  `is_active` int(11) NOT NULL DEFAULT '1',
  `is_delete` int(11) NOT NULL DEFAULT '0' COMMENT '1: Đã xoá, 0: Chưa xoá (nếu đã xoá thì toàn bộ "con" của nó sẽ bị xoá theo)',
  `created_at` datetime NOT NULL DEFAULT CURRENT_TIMESTAMP COMMENT 'Thời điểm dòng dữ liệu này insert vào bảng',
  PRIMARY KEY (`id`),
  KEY `parent_id` (`parent_id`)
) ENGINE=InnoDB AUTO_INCREMENT=106 DEFAULT CHARSET=utf8 COLLATE=utf8_unicode_ci;

--
-- Dumping data for table `product_type`
--

INSERT INTO `product_type` (`id`, `parent_id`, `name`, `img_name`, `is_active`, `is_delete`, `created_at`) VALUES
(1, NULL, 'Xây dựng cấu hình PC', 'upload/category/1/66100d9c9b96922e453a7b5afff309ee1.png', 1, 0, '2022-05-09 10:12:14'),
(2, NULL, 'Laptop', 'upload/category/2/e47370b4b112fb99036a39469db304d12.png', 1, 0, '2022-05-09 10:12:14'),
(3, NULL, 'Linh kiện máy tính', 'upload/category/3/3b93b1b26ae67ea1d7eeaebf2a6694b63.png', 1, 0, '2022-05-09 10:12:14'),
(4, NULL, 'Gaming Gears', 'upload/category/4/facfa79500552a7d08369c795e1ade864.png', 1, 0, '2022-05-09 10:12:14'),
(6, NULL, 'Phụ kiện - Tản nhiệt PC', 'upload/category/6/b137367031b04b99629aa4b08a5f11b76.png', 1, 0, '2022-05-09 10:12:14'),
(7, NULL, 'Thiết bị văn phòng', 'upload/category/7/39167694edc10c8cda08815c66ebdfca7.png', 1, 0, '2022-05-09 10:12:14'),
(8, NULL, 'Thiết bị mạng', 'upload/category/8/715108e7359032b10b928d77629d6d6b8.png', 1, 0, '2022-05-09 10:12:14'),
(9, NULL, 'Màn hình máy tính', 'upload/category/9/bc45557864524a66a023696227e290679.png', 1, 0, '2022-05-09 10:12:26'),
(10, 1, 'PRO GAMING PC', 'upload/category/10/01978f5ca36bc20ab7fa79b574c4073610.png', 1, 0, '2022-05-09 10:13:44'),
(11, 1, 'PRO DUCTIVITY', 'upload/category/11/87522314b43f3adf31e655daba6de6a711.png', 1, 0, '2022-05-09 10:13:44'),
(12, 1, 'PRO AUDIO', 'upload/category/12/5edcfee6c2cef21feba1468d09d6295812.png', 1, 0, '2022-05-09 10:13:44'),
(13, 1, 'PRO WORKSTATION', 'upload/category/13/33d16d2c7a7b8e70df0b07fc05b5ddc713.png', 1, 0, '2022-05-09 10:13:44'),
(14, 1, 'PRO CREATOR', 'upload/category/14/bc14fb76b28072677e668586383b20e714.png', 1, 0, '2022-05-09 10:13:44'),
(15, 1, 'PRO VR', 'upload/category/15/91341fea9374f39748123c81fcdeaf5f15.png', 1, 0, '2022-05-09 10:13:44'),
(29, 2, 'Laptop Acer', 'upload/category/29/9b9a5df1e22d687af1b36853c895e7a529.png', 1, 0, '2022-05-09 10:24:41'),
(30, 2, 'Laptop HP', 'upload/category/30/01ea19e2382d53ff16cf99c423ce27db30.png', 1, 0, '2022-05-09 10:24:41'),
(31, 2, 'Laptop Gaming', 'upload/category/31/f4f02e30d587806b53dd67bfd7fce5f531.png', 1, 0, '2022-05-09 10:24:41'),
(32, 2, 'Laptop Gigabyte', 'upload/category/32/51c47e1d3d8ee242ecae3119bb35d6fb32.png', 1, 0, '2022-05-09 10:24:41'),
(33, 2, 'Apple Macbook', 'upload/category/33/a9f05b01e64c7471a1d57a4e3efb563333.png', 1, 0, '2022-05-09 10:24:41'),
(34, 2, 'Phụ kiện,Balo Laptop', 'upload/category/34/e1def292c4f569b0840fdfa3b32e8ad534.png', 1, 0, '2022-05-09 10:24:41'),
(35, 2, 'Laptop Văn Phòng', 'upload/category/35/ff065e58d0a547fec232b0e0032216e835.png', 1, 0, '2022-05-09 10:24:41'),
(36, 2, 'Laptop MSI', 'upload/category/36/43b72bd4f2524048fe212fdef42b818c36.png', 1, 0, '2022-05-09 10:24:41'),
(37, 3, 'CPU - Bộ vi xử lý', 'upload/category/37/ab990686f47be6fd9ef8259ae162374b37.png', 1, 0, '2022-05-09 10:27:28'),
(38, 3, 'Mainboard - Bo mạch chủ', 'upload/category/38/8c951384ebd4f43c5b64a4a659f6c52138.png', 1, 0, '2022-05-09 10:27:28'),
(39, 3, 'Ổ cứng SSD', 'upload/category/39/068ebed931e49c13852910731eb0ce3a39.png', 1, 0, '2022-05-09 10:27:28'),
(40, 3, 'VGA - Card màn hình', 'upload/category/40/1e8bc79f0e1878530b613f9dbbfba5ec40.png', 1, 0, '2022-05-09 10:27:28'),
(41, 3, 'Ram - Bộ nhớ trong', 'upload/category/41/0b9348f56a48102703fc6b482104ffe141.png', 1, 0, '2022-05-09 10:27:28'),
(42, 3, 'Combo Linh kiện', 'upload/category/42/7cbe08061f39fec215bcd5de28634cc342.png', 1, 0, '2022-05-09 10:27:28'),
(43, 4, 'Bàn phím cơ', 'upload/category/43/e67dcbb4f23bf359b9b0821629768aaa43.png', 1, 0, '2022-05-09 10:28:21'),
(44, 4, 'Bàn di chuột', 'upload/category/44/3d3f5eadb4057af5e73698b51abae4d544.png', 1, 0, '2022-05-09 10:28:21'),
(45, 4, 'Microphone', 'upload/category/45/9b2da494cb2f5cac18bc989fa71a55c045.png', 1, 0, '2022-05-09 10:28:21'),
(46, 4, 'Chuột Gaming', 'upload/category/46/0f0cc4c521c6911b83f819e218cf6bef46.png', 1, 0, '2022-05-09 10:28:21'),
(47, 4, 'Bàn Gaming', 'upload/category/47/bd0d7656f5e4d35eb00451b4d63eda2647.png', 1, 0, '2022-05-09 10:28:21'),
(48, 4, 'Ghế Gaming', 'upload/category/48/7773cb195780a9b00f930fb0c3c1463e48.png', 1, 0, '2022-05-09 10:28:21'),
(49, 4, 'Tai nghe Gaming', 'upload/category/49/c3e5a8f3744764d53e49a169a8dc18d449.png', 1, 0, '2022-05-09 10:28:21'),
(50, 4, 'Thiết bị stream', 'upload/category/50/8315696db452d00c51be8b3b116de8a550.png', 1, 0, '2022-05-09 10:28:21'),
(51, 4, 'Keyscaps', 'upload/category/51/451bcc83679675825c1d1881378c635951.png', 1, 0, '2022-05-09 10:28:21'),
(54, 6, 'Tản nhiệt khí cho PC', 'upload/category/54/d9ba7a9851c15e5d4190189d4de2973b54.png', 1, 0, '2022-05-09 10:32:26'),
(55, 6, 'Quạt tản nhiệt PC', 'upload/category/55/0c3db12e23747172e9f34a722a012a5f55.png', 1, 0, '2022-05-09 10:32:26'),
(56, 6, 'Giá đỡ màn hình', 'upload/category/56/690a73f58dd06dbe46dadd50e266e04f56.png', 1, 0, '2022-05-09 10:32:26'),
(57, 6, 'Tản nước ALL IN ONE', 'upload/category/57/2e16f77bcc243e92538666a4b83c1d2a57.png', 1, 0, '2022-05-09 10:32:26'),
(58, 6, 'Dây nối dài - Dây Riser', 'upload/category/58/18e3ef5a86d8970d271a3f1fc83c716f58.png', 1, 0, '2022-05-09 10:32:26'),
(59, 6, 'Giá đỡ VGA', 'upload/category/59/fdfe17dc136f786fb24e5bde0dce18c059.png', 1, 0, '2022-05-09 10:32:26'),
(60, 7, 'Loa máy tính', 'upload/category/60/39bfdf3ceddebc412a024f90e39207bf60.png', 1, 0, '2022-05-09 10:34:24'),
(61, 7, 'Ổ đĩa gắn ngoài', 'upload/category/61/bd13c8a0c0ee049063c20376bdf26b0061.png', 1, 0, '2022-05-09 10:34:24'),
(62, 7, 'Máy in laser', 'upload/category/62/194c46b93066fb4fd6895aca216c1d2c62.png', 1, 0, '2022-05-09 10:34:24'),
(63, 7, 'Bộ chia / Hub USB', 'upload/category/63/eb793d767ab0752e48175d940368e11f63.png', 1, 0, '2022-05-09 10:34:24'),
(64, 7, 'Phần mềm bản quyền', 'upload/category/64/de78c7194629ee5d152310ce8c4ee81f64.png', 1, 0, '2022-05-09 10:34:24'),
(65, 7, 'Bộ bàn phím chuột không dây', 'upload/category/65/77a92395a51f92b5c54054e38b07dd4865.png', 1, 0, '2022-05-09 10:34:24'),
(66, 7, 'Webcam', 'upload/category/66/722e2f1a5039c03ba0aa661816e63e7966.png', 1, 0, '2022-05-09 10:34:24'),
(67, 8, 'Router wifi', 'upload/category/67/1250d2e71a27117b6b7a26c3a24be23167.png', 1, 0, '2022-05-09 10:34:42'),
(68, 8, 'Card wifi', 'upload/category/68/0242f8e300269bf61deba01b05ec501268.png', 1, 0, '2022-05-09 10:34:42'),
(81, 2, 'Đế Tản Nhiệt Laptop', 'upload/category/81/f8d4522c263896712073be585696793181.png', 1, 0, '2022-07-04 13:47:04'),
(82, 2, 'Laptop Dell', 'upload/category/82/ce90e16752f36f0eba6a41973ba77dbe82.png', 1, 0, '2022-07-04 13:47:04'),
(83, 2, 'Laptop Asus', 'upload/category/83/865d41495704f2e249e49532e6ab9c4d83.png', 1, 0, '2022-07-04 13:47:04'),
(84, 3, 'Case - Vỏ máy tính', 'upload/category/84/8b98f32305a4072fc636636f4014969384.png', 1, 0, '2022-07-04 13:50:08'),
(85, 3, 'Ổ cứng HDD', 'upload/category/85/0e6e2197487e23be4d64351c37a3557985.png', 1, 0, '2022-07-04 13:50:08'),
(86, 3, 'PSU - NGuồn máy tính', 'upload/category/86/3b70066d0fbe2b32b094d67be5e1009e86.png', 1, 0, '2022-07-04 13:50:08'),
(87, 9, 'Màn Hình Gaming ', 'upload/category/87/c293d89107b2f59d550e7baf99f10b3a87.png', 1, 0, '2022-07-04 14:01:58'),
(88, 9, 'Màn Hình Đồ Họa', 'upload/category/88/51bf3b3f5ef086cbad5a886798bacd2c88.png', 1, 0, '2022-07-04 14:01:58'),
(89, 9, 'Màn Hình Viewsonic', 'upload/category/89/32e2e25e6b7b25a40a3d3510a5d0859489.png', 1, 0, '2022-07-04 14:01:58'),
(90, 9, 'Màn Hình LG', 'upload/category/90/48763f7e695e7ae73ad0f3e2deec676090.png', 1, 0, '2022-07-04 14:01:58'),
(91, 9, 'Màn Hình ACER', 'upload/category/91/f3c34506e95d52433395adeca12537ea91.png', 1, 0, '2022-07-04 14:01:58'),
(92, 9, 'Màn Hình HP', 'upload/category/92/c5e2bc5fff61ceea4a551ad8092055cd92.png', 1, 0, '2022-07-04 14:01:58'),
(93, 9, 'Màn Hình DELL', 'upload/category/93/cf600c0fff0a6315492278abf5fc902893.png', 1, 0, '2022-07-04 14:01:58'),
(94, 9, 'Màn Hình Văn Phòng', 'upload/category/94/10730f17f4a508cdc1bb6fd7c93b8bc294.png', 1, 0, '2022-07-04 14:01:58'),
(95, 9, 'Màn Hình ASUS', 'upload/category/95/20cb90d85b5d9277b8cab2729b0fc2e695.png', 1, 0, '2022-07-04 14:01:58'),
(96, 9, 'Màn Hình MSI', 'upload/category/96/d408491008db603070435d623df0b2e996.png', 1, 0, '2022-07-04 14:01:58'),
(97, 4, 'Ghế Công Thái Học', 'upload/category/97/512e2c1b91ae4aa56727d6fdb579174597.png', 1, 0, '2022-07-04 14:05:42'),
(98, 7, 'USB Flash', 'upload/category/98/70bbdba76065f9ef6e401c8a12cf844798.png', 1, 0, '2022-07-06 15:28:01');

-- --------------------------------------------------------

--
-- Table structure for table `user`
--

DROP TABLE IF EXISTS `user`;
CREATE TABLE IF NOT EXISTS `user` (
  `id` int(11) NOT NULL AUTO_INCREMENT COMMENT 'Khoá chính tăng tự động để phân biệt các dòng',
  `type` varchar(255) CHARACTER SET utf8 COLLATE utf8_unicode_ci NOT NULL COMMENT 'admin | officer | shipper | customer',
  `full_name` varchar(255) CHARACTER SET utf8 COLLATE utf8_unicode_ci NOT NULL COMMENT 'Tên đầy đủ',
  `email` varchar(255) CHARACTER SET utf8 COLLATE utf8_unicode_ci NOT NULL COMMENT 'Email liên hệ',
  `phone` varchar(255) CHARACTER SET utf8 COLLATE utf8_unicode_ci NOT NULL COMMENT 'Số điện thoại',
  `address` varchar(255) CHARACTER SET utf8 COLLATE utf8_unicode_ci DEFAULT NULL COMMENT 'Địa chỉ',
  `birthday` datetime NOT NULL COMMENT 'Ngày sinh',
  `img_name` varchar(255) CHARACTER SET utf8 COLLATE utf8_unicode_ci DEFAULT NULL COMMENT 'lưu đường dẫn ảnh đại diện',
  `password` varchar(255) CHARACTER SET utf8 COLLATE utf8_unicode_ci NOT NULL COMMENT 'Mật khẩu',
  `paging` int(11) DEFAULT '5' COMMENT 'Phân trang (cấu hình phân trang cho mỗi bảng quản lý)',
  `created_at` datetime NOT NULL DEFAULT CURRENT_TIMESTAMP COMMENT 'Thời điểm insert dòng dữ liệu này vào bảng',
  `is_lock` int(11) NOT NULL DEFAULT '0' COMMENT 'Mang 2 giá trị : 0: Chưa khoá ng dùng, 1: đã khoá ng dùng',
  `is_delete` int(11) NOT NULL DEFAULT '0' COMMENT 'Đã xoá (1: xoá rồi,0: Chưa xoá)',
  PRIMARY KEY (`id`)
) ENGINE=InnoDB AUTO_INCREMENT=251 DEFAULT CHARSET=utf8 COLLATE=utf8_unicode_ci;

--
-- Dumping data for table `user`
--

INSERT INTO `user` (`id`, `type`, `full_name`, `email`, `phone`, `address`, `birthday`, `img_name`, `password`, `paging`, `created_at`, `is_lock`, `is_delete`) VALUES
(125, 'admin', 'Nguyễn Trí Đăng Khôi', 'nguyentridangkhoi@gmail.com', '0707327857', '38 đường 101 phường Thạnh Mỹ Lợi Quận 2', '2002-02-16 00:00:00', 'upload/user/125/48a435ddc6b0f7911ee9c8824019da75125.jpg', '$2y$10$xH3cLl7BrhDDRpKBj3Lo4e4rMEY.XuajFEIoZjFy9STmRkpOnQKu6', 15, '2021-10-22 12:05:25', 0, 0),
(204, 'customer', 'Huy Văn', 'huyvan@gmail.com', '0707327858', 'Trần Xuân Soạn - Tân Thuận Tây - Quận 7 - HCM', '2002-01-09 00:00:00', '', '$2y$10$ynSBtmX0Z/BnNyBg9HtcIeyqTPNdI0M3CvT28i6wFyKFjQJswt8iW', 5, '2022-07-10 10:51:54', 0, 0),
(214, 'officer', 'Nguyễn Văn Huy', 'nvhuy@gmail.com', '0983990099', 'Quận 3', '2002-07-01 00:00:00', '', '$2y$10$a4j1xJwgRtEWfwn3qtqTRucsn3cwFZIUiGDDULksZesgmdc3Glrxq', 5, '2022-07-11 15:59:40', 0, 0),
(215, 'shipper', 'Nguyễn Văn Lâm', 'nvlam@gmail.com', '0909321124', 'Quận 4', '2002-07-05 00:00:00', '', '$2y$10$vrMBmcQkzFdb/cwU3t/JwOori.GBFIQK/Bt8XZH1g9eZV5TjlS9Py', 5, '2022-07-11 16:09:56', 0, 0),
(216, 'officer', 'Nguyễn Văn Khôi', 'nvkhoi@gmail.com', '0909321123', 'Quận 3', '1999-07-06 00:00:00', 'upload/user/216/34b72852dbf00f67ecafc2644751ee26216.png', '$2y$10$9IqselPKN1qT2g8g9orHve4aR7.7NgCUjhJg.TQx.APxw7ET1h4JC', 5, '2022-07-11 16:18:01', 0, 0),
(217, 'customer', 'Trần kim đạt', 'Khoi@gmail.com', '1234567890', 'Quận 6', '2000-07-01 00:00:00', '', '$2y$10$mfdOR1S4Y8GnWeGR7Xo7POMgVIEgkKOw3BN3BPdbFbNzYpSPOo7SG', 5, '2022-07-12 06:44:47', 0, 0),
(218, 'customer', 'Văn Huy', 'vanhuy@gmail.com', '0707327851', 'Quận 6', '2000-11-05 00:00:00', NULL, '$2y$10$M2kAkN/6bzmKxpcc7shK5.4I8rhHFIs3s7bn7PvLMwBybF1g0pFdK', 5, '2022-07-13 15:41:11', 0, 0),
(222, 'customer', 'Nguyễn Trí Đăng Khôi', 'huykhoi123@gmail.com', '0909329848', 'Quận 12, Tphcm', '2000-01-02 00:00:00', NULL, '$2y$10$q8DJlUHKoVPVGchvztRAbuXqjFoESCkuhGgwSpves26MbBPDuLU8q', 5, '2022-07-14 20:58:05', 0, 0),
(223, 'officer', 'Nguyễn Văn Bá', 'nvba@gmail.com', '0909383812', '38 đường 102 phường A quận 3', '2002-01-03 00:00:00', NULL, '$2y$10$lxjR/bHZ3wTpUN.p3MTxf..EvqqFAI1DAjLo0pXWOp5CSWOTlHtL.', 5, '2022-07-15 09:12:00', 0, 0),
(224, 'shipper', 'Nguyễn Phước Thiện', 'nguyenphuocthien706@gmail.com', '0905786142', 'Xã Nhơn Hoà, Huyện Tân Thạnh, Long An', '2002-07-04 00:00:00', 'upload/user/224/865c9f8a9d73b5bbb9e66e301ab6a3d6224.jpg', '$2y$10$y0ig5KmvdDYaTOvyWykIfOSWprsDE15NcCOU8hEpFGnDbWgQSExn.', 5, '2022-07-20 06:20:02', 0, 0),
(225, 'officer', 'Chế Phước Lộc', 'chephuocloc450@gmail.com', '0861783250', 'Xã Hoà Mục, Huyện Chợ Mới, Bắc cạn', '1987-04-11 00:00:00', 'upload/user/225/ffeefd66fc636180c85160d2e075ae66225.jpg', '$2y$10$JD3eW4i9vyG.AcQEdO4UCunh/4Znn1SQ/GWqprtkS0.hMz5KCWcfC', 5, '2022-07-20 06:21:16', 0, 0),
(226, 'officer', 'Thẩm Ban Mai', 'thambanmai677@naver.com', '0919681704', 'Xã Tân Dân, Huyện Mai Châu, Hoà Bình', '1989-04-23 00:00:00', 'upload/user/226/78f5b313736864f3df132405c919256c226.jpg', '$2y$10$JD3eW4i9vyG.AcQEdO4UCunh/4Znn1SQ/GWqprtkS0.hMz5KCWcfC', 5, '2022-07-20 06:21:16', 0, 0),
(227, 'shipper', 'Bảo Anh Ðức', 'baoanhuc337@gmail.com', '0351320576', 'Phường Tây Sơn, Thành phố Tam Điệp, Ninh Bình', '2002-02-12 00:00:00', 'upload/user/227/81aa6f11e64fcfb02842890d9eeb3495227.jpg', '$2y$10$JD3eW4i9vyG.AcQEdO4UCunh/4Znn1SQ/GWqprtkS0.hMz5KCWcfC', 5, '2022-07-20 06:21:16', 0, 0),
(228, 'shipper', 'Ca Ðông Quân', 'caongquan136@gmail.com', '0863502687', 'Xã Tiền Châu, Thị xã Phúc Yên, Vĩnh Phúc', '1992-07-28 00:00:00', 'upload/user/228/e88b1d7df7a8d250a7ede731a1885470228.jpg', '$2y$10$JD3eW4i9vyG.AcQEdO4UCunh/4Znn1SQ/GWqprtkS0.hMz5KCWcfC', 5, '2022-07-20 06:21:16', 0, 0),
(229, 'shipper', 'Tiêu Hữu Ðạt', 'tieuhuudat382@gmail.com', '0587094863', 'Thị trấn Tuần Giáo, Huyện Tuần Giáo, Điện Biên', '1994-07-13 00:00:00', 'upload/user/229/c230dda4395e1d75e12661dc76bc7cba229.jpg', '$2y$10$JD3eW4i9vyG.AcQEdO4UCunh/4Znn1SQ/GWqprtkS0.hMz5KCWcfC', 5, '2022-07-20 06:21:16', 0, 0),
(230, 'officer', 'Lô Việt Hoàng', 'loviethoang383@icloud.com', '0341935264', 'Phường Na Lay, Thị Xã Mường Lay, Điện Biên', '2003-07-16 00:00:00', 'upload/user/230/df6cdba5e428eb258453c0becf6ae981230.jpg', '$2y$10$JD3eW4i9vyG.AcQEdO4UCunh/4Znn1SQ/GWqprtkS0.hMz5KCWcfC', 5, '2022-07-20 06:21:16', 0, 0),
(231, 'shipper', 'Xa Hoàng Thái', 'xahoangthai997@microsoft.com', '0599623840', 'Xã Quảng Hùng, Thị xã Sầm Sơn, Thanh Hóa', '1999-07-01 00:00:00', 'upload/user/231/5322d2f24c8ae8a304a836a608da473b231.jpg', '$2y$10$JD3eW4i9vyG.AcQEdO4UCunh/4Znn1SQ/GWqprtkS0.hMz5KCWcfC', 5, '2022-07-20 06:21:16', 0, 0),
(232, 'shipper', 'Đống Khởi Phong', 'dongkhoiphong545@icloud.com', '0764270689', 'Thị trấn Vĩnh Thạnh, Huyện Vĩnh Thạnh, Bình Định', '2000-07-01 00:00:00', 'upload/user/232/3a1059cd66a53a55ed8f42634350d573232.jpg', '$2y$10$JD3eW4i9vyG.AcQEdO4UCunh/4Znn1SQ/GWqprtkS0.hMz5KCWcfC', 5, '2022-07-20 06:21:16', 0, 1),
(233, 'officer', 'Hứa Vân Hà', 'huavanha434@gmail.com', '0892810963', 'Xã Dũng Liệt, Huyện Yên Phong, Bắc Ninh', '1998-07-02 00:00:00', 'upload/user/233/ec565364e3a60f88871571fbe36598e7233.jpg', '$2y$10$JD3eW4i9vyG.AcQEdO4UCunh/4Znn1SQ/GWqprtkS0.hMz5KCWcfC', 5, '2022-07-20 06:21:16', 0, 0),
(234, 'officer', 'Tòng Diễm Khuê', 'tongdiemkhue999@gmail.com', '0598961735', 'Xã Sơn Tinh, Huyện Sơn Tây, Quảng Ngãi', '2003-07-05 00:00:00', 'upload/user/234/eab18edece321dd1c893e5c6981a5a92234.jpg', '$2y$10$JD3eW4i9vyG.AcQEdO4UCunh/4Znn1SQ/GWqprtkS0.hMz5KCWcfC', 5, '2022-07-20 06:21:16', 0, 0),
(235, 'officer', 'Công Khải Tâm', 'congkhaitam103@gmail.com', '0594875932', 'Xã Tân Ân, Huyện Ngọc Hiển, Cà Mau', '1994-07-01 00:00:00', NULL, '$2y$10$kQEvfOHYtPCb6QM2tzbqhu/nGMy0RUJdHZqLtAoaJNUqwOdyzVA0O', 5, '2022-07-20 06:57:45', 0, 0),
(236, 'shipper', 'Khà Hạnh Linh', 'khahanhlinh708@gmail.com', '0361294756', 'Phường Bình Đức, Thành phố Long Xuyên, An Giang', '1995-07-13 00:00:00', NULL, '$2y$10$kQEvfOHYtPCb6QM2tzbqhu/nGMy0RUJdHZqLtAoaJNUqwOdyzVA0O', 5, '2022-07-20 06:57:45', 0, 0),
(237, 'officer', 'Khương Minh Nhật', 'khuongminhnhat161@naver.com', '0975140276', 'Phường An Hòa, Quận Ninh Kiều, Cần Thơ', '1980-07-10 00:00:00', NULL, '$2y$10$kQEvfOHYtPCb6QM2tzbqhu/nGMy0RUJdHZqLtAoaJNUqwOdyzVA0O', 5, '2022-07-20 06:57:45', 0, 0),
(238, 'shipper', 'Thành Quỳnh Lam', 'thanhquynhlam778@naver.com', '0398260495', 'Xã Long Sơn, Huyện Minh Long, Quảng Ngãi', '1993-07-16 00:00:00', NULL, '$2y$10$kQEvfOHYtPCb6QM2tzbqhu/nGMy0RUJdHZqLtAoaJNUqwOdyzVA0O', 5, '2022-07-20 06:57:45', 0, 0),
(239, 'officer', 'Cai Khả Ái', 'caikhaai203@yahoo.com', '0709324875', 'Phường 1, Thành phố Vĩnh Long, Vĩnh Long', '1989-02-25 00:00:00', NULL, '$2y$10$kQEvfOHYtPCb6QM2tzbqhu/nGMy0RUJdHZqLtAoaJNUqwOdyzVA0O', 5, '2022-07-20 06:57:45', 0, 0),
(240, 'shipper', 'Lộ Thế Lâm', 'lothelam717@naver.com', '0906735491', 'Phường Hải Thành, Quận Dương Kinh, Hải Phòng', '2003-04-10 00:00:00', NULL, '$2y$10$kQEvfOHYtPCb6QM2tzbqhu/nGMy0RUJdHZqLtAoaJNUqwOdyzVA0O', 5, '2022-07-20 06:57:45', 0, 0),
(241, 'officer', 'Đậu Mai Chi', 'daumaichi439@gmail.com', '0893864297', 'Xã Long Toàn, Thị xã Duyên Hải, Trà Vinh', '2003-07-10 00:00:00', NULL, '$2y$10$kQEvfOHYtPCb6QM2tzbqhu/nGMy0RUJdHZqLtAoaJNUqwOdyzVA0O', 5, '2022-07-20 06:57:45', 0, 0),
(242, 'shipper', 'Quảng Quốc Tiến', 'quangquoctien538@naver.com', '0798351290', 'Xã Nghĩa Hùng, Huyện Nghĩa Hưng, Nam Định', '1994-03-18 00:00:00', NULL, '$2y$10$kQEvfOHYtPCb6QM2tzbqhu/nGMy0RUJdHZqLtAoaJNUqwOdyzVA0O', 5, '2022-07-20 06:57:45', 0, 0),
(243, 'officer', 'Giao Hiếu Hạnh', 'giaohieuhanh807@gmail.com', '0890759421', 'Xã Chiềng Bằng, Huyện Quỳnh Nhai, Sơn La', '1998-04-09 00:00:00', NULL, '$2y$10$kQEvfOHYtPCb6QM2tzbqhu/nGMy0RUJdHZqLtAoaJNUqwOdyzVA0O', 5, '2022-07-20 06:57:45', 0, 0),
(244, 'officer', 'Thân Hiền Hòa', 'thanhienhoa960@gmail.com', '0989674053', 'Xã Triệu Thuận, Huyện Triệu Phong, Quảng Trị', '1999-01-22 00:00:00', NULL, '$2y$10$kQEvfOHYtPCb6QM2tzbqhu/nGMy0RUJdHZqLtAoaJNUqwOdyzVA0O', 5, '2022-07-20 06:57:45', 0, 0),
(245, 'customer', 'Nguyễn Trí Đăng Khôi', 'ntdk@gmail.com', '0707327857', '38 đường 200 Phường An Lợi Đông quận 3', '2000-07-06 00:00:00', NULL, '$2y$10$pf9eJl2jjkw74sNBXDcYBOENIYhqRnYQfdi2iYHwRhkWVb5KLM23C', 5, '2022-07-20 20:12:57', 0, 0),
(246, 'customer', 'Nguyển Trí Khôi', 'ntdk2@gmail.com', '0707327855', '38 đường 102 phương Thạnh Mỹ Lợi', '2000-08-04 00:00:00', NULL, '$2y$10$BkTbvoBrxA/tD3AJr3UEqOD2MSUCvw70d0Ql0QgtPEKxphtLg/6iq', 5, '2022-07-20 20:46:29', 0, 0),
(247, 'officer', 'aaa', 'aaa@gmail.com', '0707327898', 'Quận 2', '2001-07-13 00:00:00', 'upload/user/247/d66eba6ac1f1a4706f7d97e4404fd19c247.png', '$2y$10$oLgqgSn97M8nodubd1sV0u8DMlGviQxJ1nklB5Yy3yLbVlNWbRWQi', 5, '2022-07-21 14:21:04', 0, 1),
(248, 'shipper', 'Nguyễn văn LInh', 'nvlin@gmail.com', '0707327999', 'quận 3', '1999-07-01 00:00:00', 'upload/user/248/8e4a86a6eb4af78e8bedde7fbf11e85f248.png', '$2y$10$FqY5vuMZJEUjL6O2ptdfIOjsiKZe6iZkohL1voCQDT7ZTXnPhKheS', 5, '2022-07-21 15:43:51', 0, 0),
(249, 'officer', 'Nguyễn công ', 'ncong@gmail.com', '0123456778', 'Quận 4 , tphcm', '2000-03-20 00:00:00', NULL, '$2y$10$z1dDkPK2MumSrsrTOndwPeUVe1hocedUO3rYfGfG8Z.D/J8g59.1u', 5, '2022-07-21 15:45:23', 0, 0),
(250, 'shipper', 'Nguyễn Công Anh', 'ncanh@gmail.com', '0984999423', 'Quận 5, tphcm', '2002-07-01 00:00:00', NULL, '$2y$10$z1dDkPK2MumSrsrTOndwPeUVe1hocedUO3rYfGfG8Z.D/J8g59.1u', 5, '2022-07-21 15:45:23', 0, 0);

-- --------------------------------------------------------

--
-- Table structure for table `user_role`
--

DROP TABLE IF EXISTS `user_role`;
CREATE TABLE IF NOT EXISTS `user_role` (
  `id` int(11) NOT NULL AUTO_INCREMENT,
  `user_id` int(11) NOT NULL COMMENT 'Khoá ngoại tham chiếu tới bảng user cột id',
  `menu_id` int(11) NOT NULL COMMENT 'Khoá ngoại tham chiếu tới bảng menus cột id',
  `permission` varchar(255) CHARACTER SET utf8 COLLATE utf8_unicode_ci NOT NULL COMMENT 'Quyền (gồm insert,update,delete,read) đối với mỗi chức năng quản lý',
  PRIMARY KEY (`id`),
  KEY `user_id` (`user_id`),
  KEY `menu_id` (`menu_id`)
) ENGINE=InnoDB AUTO_INCREMENT=39 DEFAULT CHARSET=utf8 COLLATE=utf8_unicode_ci;

--
-- Dumping data for table `user_role`
--

INSERT INTO `user_role` (`id`, `user_id`, `menu_id`, `permission`) VALUES
(36, 216, 1, ',insert,read'),
(37, 223, 1, ',read'),
(38, 237, 1, ',insert,delete,read');

--
-- Constraints for dumped tables
--

--
-- Constraints for table `orders`
--
ALTER TABLE `orders`
  ADD CONSTRAINT `orders_ibfk_4` FOREIGN KEY (`shipper_id`) REFERENCES `user` (`id`),
  ADD CONSTRAINT `orders_ibfk_6` FOREIGN KEY (`delivery_status_id`) REFERENCES `delivery_status` (`id`),
  ADD CONSTRAINT `orders_ibfk_7` FOREIGN KEY (`payment_method_id`) REFERENCES `payment_method` (`id`),
  ADD CONSTRAINT `orders_ibfk_8` FOREIGN KEY (`payment_status_id`) REFERENCES `payment_status` (`id`),
  ADD CONSTRAINT `orders_ibfk_9` FOREIGN KEY (`customer_id`) REFERENCES `user` (`id`);

--
-- Constraints for table `orders_delivery_status`
--
ALTER TABLE `orders_delivery_status`
  ADD CONSTRAINT `orders_delivery_status_ibfk_1` FOREIGN KEY (`order_id`) REFERENCES `orders` (`id`),
  ADD CONSTRAINT `orders_delivery_status_ibfk_2` FOREIGN KEY (`delivery_status_id`) REFERENCES `delivery_status` (`id`);

--
-- Constraints for table `order_detail`
--
ALTER TABLE `order_detail`
  ADD CONSTRAINT `order_detail_ibfk_1` FOREIGN KEY (`order_id`) REFERENCES `orders` (`id`),
  ADD CONSTRAINT `order_detail_ibfk_2` FOREIGN KEY (`product_info_id`) REFERENCES `product_info` (`id`);

--
-- Constraints for table `order_payment_history`
--
ALTER TABLE `order_payment_history`
  ADD CONSTRAINT `order_payment_history_ibfk_1` FOREIGN KEY (`order_id`) REFERENCES `orders` (`id`) ON DELETE RESTRICT ON UPDATE RESTRICT,
  ADD CONSTRAINT `order_payment_history_ibfk_2` FOREIGN KEY (`payment_method_id`) REFERENCES `payment_method` (`id`) ON DELETE RESTRICT ON UPDATE RESTRICT,
  ADD CONSTRAINT `order_payment_history_ibfk_3` FOREIGN KEY (`payment_status_id`) REFERENCES `payment_status` (`id`) ON DELETE RESTRICT ON UPDATE RESTRICT;

--
-- Constraints for table `product_comment`
--
ALTER TABLE `product_comment`
  ADD CONSTRAINT `product_comment_ibfk_2` FOREIGN KEY (`product_info_id`) REFERENCES `product_info` (`id`),
  ADD CONSTRAINT `product_comment_ibfk_3` FOREIGN KEY (`reply_id`) REFERENCES `product_comment` (`id`) ON DELETE CASCADE,
  ADD CONSTRAINT `product_comment_ibfk_4` FOREIGN KEY (`user_id`) REFERENCES `user` (`id`) ON DELETE RESTRICT ON UPDATE RESTRICT;

--
-- Constraints for table `product_image`
--
ALTER TABLE `product_image`
  ADD CONSTRAINT `product_image_ibfk_1` FOREIGN KEY (`product_info_id`) REFERENCES `product_info` (`id`) ON DELETE RESTRICT ON UPDATE RESTRICT;

--
-- Constraints for table `product_info`
--
ALTER TABLE `product_info`
  ADD CONSTRAINT `product_info_ibfk_1` FOREIGN KEY (`product_type_id`) REFERENCES `product_type` (`id`) ON DELETE RESTRICT ON UPDATE RESTRICT,
  ADD CONSTRAINT `product_info_ibfk_2` FOREIGN KEY (`user_id`) REFERENCES `user` (`id`) ON DELETE RESTRICT ON UPDATE RESTRICT;

--
-- Constraints for table `product_type`
--
ALTER TABLE `product_type`
  ADD CONSTRAINT `product_type_ibfk_1` FOREIGN KEY (`parent_id`) REFERENCES `product_type` (`id`);

--
-- Constraints for table `user_role`
--
ALTER TABLE `user_role`
  ADD CONSTRAINT `user_role_ibfk_1` FOREIGN KEY (`user_id`) REFERENCES `user` (`id`) ON DELETE RESTRICT ON UPDATE RESTRICT,
  ADD CONSTRAINT `user_role_ibfk_2` FOREIGN KEY (`menu_id`) REFERENCES `menus` (`id`) ON DELETE RESTRICT ON UPDATE RESTRICT;
COMMIT;

/*!40101 SET CHARACTER_SET_CLIENT=@OLD_CHARACTER_SET_CLIENT */;
/*!40101 SET CHARACTER_SET_RESULTS=@OLD_CHARACTER_SET_RESULTS */;
/*!40101 SET COLLATION_CONNECTION=@OLD_COLLATION_CONNECTION */;
